sku,date,actual_demand,forecast_demand
SKU0001,2025-07-13,203,225.7636389464693
SKU0002,2025-07-13,436,434.9604085718436
SKU0003,2025-07-13,179,126.24652166228617
SKU0004,2025-07-13,96,87.12643486321832
SKU0005,2025-07-13,27,41.49338108928497
SKU0006,2025-07-13,182,175.2220713066987
SKU0007,2025-07-13,153,154.78574224813153
SKU0008,2025-07-13,170,176.1593726010958
SKU0009,2025-07-13,150,156.69489374555047
SKU0010,2025-07-13,206,205.26176075684737
SKU0011,2025-07-13,51,48.979732206072065
SKU0012,2025-07-13,20,26.636518465429575
SKU0013,2025-07-13,166,200.81759476143202
SKU0014,2025-07-13,20,22.46836542596377
SKU0015,2025-07-13,181,168.96670698047754
SKU0016,2025-07-13,132,135.40480253003497
SKU0017,2025-07-13,86,71.32168289204859
SKU0018,2025-07-13,404,390.2738023717591
SKU0019,2025-07-13,189,210.0371715915049
SKU0020,2025-07-13,114,125.9760840925074
SKU0021,2025-07-13,156,161.6431599896609
SKU0022,2025-07-13,343,351.4049623324696
SKU0023,2025-07-13,87,91.11358464863625
SKU0024,2025-07-13,139,154.55421286738294
SKU0025,2025-07-13,47,54.63203810322957
SKU0026,2025-07-13,62,48.41346797540275
SKU0027,2025-07-13,144,126.90566202356047
SKU0028,2025-07-13,140,134.67772853559816
SKU0029,2025-07-13,63,63.811846690543334
SKU0030,2025-07-13,72,64.9479459708383
SKU0031,2025-07-13,479,477.20455914095663
SKU0032,2025-07-13,111,85.72291338619866
SKU0033,2025-07-13,271,256.6181282740034
SKU0034,2025-07-13,0,0.8297256027871829
SKU0035,2025-07-13,317,326.3071995893553
SKU0036,2025-07-13,1,0.11254371860588364
SKU0037,2025-07-13,88,104.16627387160595
SKU0038,2025-07-13,56,49.16209366780899
SKU0039,2025-07-13,493,515.2139873417949
SKU0040,2025-07-13,153,171.0717635909855
SKU0041,2025-07-13,13,20.447480800818965
SKU0042,2025-07-13,116,112.9431781269598
SKU0043,2025-07-13,0,0.3262854692690781
SKU0044,2025-07-13,69,57.39736870486029
SKU0045,2025-07-13,73,79.68980922066439
SKU0046,2025-07-13,43,50.748690643553026
SKU0047,2025-07-13,102,107.62210260204533
SKU0048,2025-07-13,118,106.34456647473746
SKU0049,2025-07-13,0,1.1640733315155074
SKU0050,2025-07-13,380,378.11476781439075
SKU0051,2025-07-13,17,13.201276567287785
SKU0052,2025-07-13,47,55.056165276034115
SKU0053,2025-07-13,100,91.81664258999784
SKU0054,2025-07-13,0,0.3671537969939323
SKU0055,2025-07-13,176,219.12609934657783
SKU0056,2025-07-13,75,83.51327763051412
SKU0057,2025-07-13,206,191.8078118850612
SKU0058,2025-07-13,172,197.62395631605395
SKU0059,2025-07-13,0,0.15458672877508892
SKU0060,2025-07-13,315,333.9786391577961
SKU0061,2025-07-13,10,18.262352333639736
SKU0062,2025-07-13,151,143.86294981205862
SKU0063,2025-07-13,1,0.42699846516033907
SKU0064,2025-07-13,88,79.86376389177325
SKU0065,2025-07-13,111,149.6802482411413
SKU0066,2025-07-13,194,182.34666654974592
SKU0067,2025-07-13,78,77.39103176061148
SKU0068,2025-07-13,13,9.700206122853642
SKU0069,2025-07-13,55,50.998856626148736
SKU0070,2025-07-13,59,61.775378269763635
SKU0071,2025-07-13,314,312.62299147164936
SKU0072,2025-07-13,79,86.78639314197574
SKU0073,2025-07-13,378,364.75062152090374
SKU0074,2025-07-13,194,176.73115071403313
SKU0075,2025-07-13,0,0.4392587039660382
SKU0076,2025-07-13,38,40.99890969220948
SKU0077,2025-07-13,62,64.95011356495466
SKU0078,2025-07-13,141,122.21780432423729
SKU0079,2025-07-13,133,151.70409314659335
SKU0080,2025-07-13,0,0.5008566017316018
SKU0081,2025-07-13,51,58.5291720259946
SKU0082,2025-07-13,115,111.46047089755294
SKU0083,2025-07-13,179,185.90989434575738
SKU0084,2025-07-13,100,101.69391211869431
SKU0085,2025-07-13,0,0.5008566017316018
SKU0086,2025-07-13,14,14.425102225214417
SKU0087,2025-07-13,58,55.785271285823555
SKU0088,2025-07-13,36,42.87841537661329
SKU0089,2025-07-13,212,215.6198396841481
SKU0090,2025-07-13,158,165.87905679683513
SKU0091,2025-07-13,0,0.5102330530403175
SKU0092,2025-07-13,145,163.471242716409
SKU0093,2025-07-13,229,211.02559933689182
SKU0094,2025-07-13,236,224.27569702360728
SKU0095,2025-07-13,163,165.47962226426222
SKU0096,2025-07-13,96,97.34836104500657
SKU0097,2025-07-13,373,355.3709223940846
SKU0098,2025-07-13,59,64.8100655691822
SKU0099,2025-07-13,517,516.8014132653122
SKU0100,2025-07-13,102,127.4085814382548
SKU0101,2025-07-13,231,242.40505935841304
SKU0102,2025-07-13,40,44.395371234138445
SKU0103,2025-07-13,0,0.28765069266268883
SKU0104,2025-07-13,51,44.550505790641836
SKU0105,2025-07-13,233,253.70068749139264
SKU0106,2025-07-13,1,0.45919189565943763
SKU0107,2025-07-13,0,0.458299864769875
SKU0108,2025-07-13,37,50.41997933375417
SKU0109,2025-07-13,112,107.9629656520535
SKU0110,2025-07-13,25,33.52823035217668
SKU0111,2025-07-13,209,225.97384071358184
SKU0112,2025-07-13,231,222.369742715833
SKU0113,2025-07-13,124,133.85517820426807
SKU0114,2025-07-13,160,165.20395038864496
SKU0115,2025-07-13,316,302.3005748433661
SKU0116,2025-07-13,51,49.07417139215957
SKU0117,2025-07-13,125,121.84071015859718
SKU0118,2025-07-13,104,89.47867922581896
SKU0119,2025-07-13,209,195.56038867048235
SKU0120,2025-07-13,284,291.6433859331017
SKU0121,2025-07-13,229,232.90363683628078
SKU0122,2025-07-13,93,93.63553503424173
SKU0123,2025-07-13,372,417.73340499164556
SKU0124,2025-07-13,185,190.8552967476047
SKU0125,2025-07-13,179,175.40069276821825
SKU0126,2025-07-13,147,176.17800780293427
SKU0127,2025-07-13,174,178.56519225203508
SKU0128,2025-07-13,110,116.17649803559755
SKU0129,2025-07-13,58,57.85061337315953
SKU0130,2025-07-13,168,174.74513285616067
SKU0131,2025-07-13,65,71.65405192413382
SKU0132,2025-07-13,165,170.0223502886677
SKU0133,2025-07-13,147,149.05648793203906
SKU0134,2025-07-13,98,101.39563747423337
SKU0135,2025-07-13,69,73.03847418377923
SKU0136,2025-07-13,128,150.780606882642
SKU0137,2025-07-13,79,78.97206382768665
SKU0138,2025-07-13,117,115.38836325181921
SKU0139,2025-07-13,256,287.1751195429111
SKU0140,2025-07-13,306,326.9595211605458
SKU0141,2025-07-13,84,89.65433697435401
SKU0142,2025-07-13,106,102.67228340844004
SKU0143,2025-07-13,216,195.7274766800917
SKU0144,2025-07-13,329,328.65703388563657
SKU0145,2025-07-13,81,86.23835526785409
SKU0146,2025-07-13,59,78.10262906133482
SKU0147,2025-07-13,121,125.84354630524122
SKU0148,2025-07-13,285,270.77318301346736
SKU0149,2025-07-13,200,216.31370949697052
SKU0150,2025-07-13,128,127.19386160521323
SKU0151,2025-07-13,477,450.4639918466809
SKU0152,2025-07-13,1,0.3424445010002179
SKU0153,2025-07-13,202,212.7838173586827
SKU0154,2025-07-13,30,40.1902717914309
SKU0155,2025-07-13,156,153.4020596054793
SKU0156,2025-07-13,162,180.62377667244814
SKU0157,2025-07-13,32,23.508446903600994
SKU0158,2025-07-13,119,107.92709923619215
SKU0159,2025-07-13,171,190.33235620199363
SKU0160,2025-07-13,100,87.97760042746735
SKU0161,2025-07-13,247,244.2539158862787
SKU0162,2025-07-13,117,109.7854968961165
SKU0163,2025-07-13,196,189.7201677691277
SKU0164,2025-07-13,0,0.12680362395367115
SKU0165,2025-07-13,193,163.5002771060941
SKU0166,2025-07-13,37,30.057518531974342
SKU0167,2025-07-13,213,211.93001217901315
SKU0168,2025-07-13,409,421.2381218384027
SKU0169,2025-07-13,460,474.69627894289437
SKU0170,2025-07-13,86,86.49823005260916
SKU0171,2025-07-13,170,149.33041662709098
SKU0172,2025-07-13,117,119.94593293220355
SKU0173,2025-07-13,269,301.1064552493359
SKU0174,2025-07-13,21,14.161805844064029
SKU0175,2025-07-13,304,335.08355879483815
SKU0176,2025-07-13,27,25.015195835138375
SKU0177,2025-07-13,65,57.20077810658141
SKU0178,2025-07-13,251,264.56008900042883
SKU0179,2025-07-13,0,0.5008566017316018
SKU0180,2025-07-13,158,167.65416880809119
SKU0181,2025-07-13,495,501.64791074563857
SKU0182,2025-07-13,546,528.5918616380895
SKU0183,2025-07-13,213,191.76384585099512
SKU0184,2025-07-13,12,21.066935623974317
SKU0185,2025-07-13,116,129.06945138197577
SKU0186,2025-07-13,63,87.88640577209145
SKU0187,2025-07-13,132,152.89642195086066
SKU0188,2025-07-13,1,0.45340817038056885
SKU0189,2025-07-13,82,67.00854050672258
SKU0190,2025-07-13,212,215.41670384059682
SKU0191,2025-07-13,1,0.4067225651441333
SKU0192,2025-07-13,22,28.348702455330987
SKU0193,2025-07-13,85,93.6201520656759
SKU0194,2025-07-13,0,0.43262987217749577
SKU0195,2025-07-13,15,25.601252650453215
SKU0196,2025-07-13,40,32.27058039110528
SKU0197,2025-07-13,110,99.34636614705504
SKU0198,2025-07-13,25,22.923520584891627
SKU0199,2025-07-13,192,181.63706985541452
SKU0200,2025-07-13,163,160.5136255670731
SKU0001,2025-07-20,221,212.20205414656863
SKU0002,2025-07-20,437,434.97354408998393
SKU0003,2025-07-20,139,126.9395952962302
SKU0004,2025-07-20,94,86.55906144890224
SKU0005,2025-07-20,39,33.084237945029834
SKU0006,2025-07-20,178,177.79272563821814
SKU0007,2025-07-20,147,150.8594795340491
SKU0008,2025-07-20,165,167.61443900794416
SKU0009,2025-07-20,154,144.0757160918568
SKU0010,2025-07-20,192,205.365057932316
SKU0011,2025-07-20,36,45.56041318601085
SKU0012,2025-07-20,21,24.299653154763458
SKU0013,2025-07-20,187,187.71661879158134
SKU0014,2025-07-20,22,21.006231735897604
SKU0015,2025-07-20,177,166.99829597011458
SKU0016,2025-07-20,130,141.4998732843176
SKU0017,2025-07-20,81,71.439576448632
SKU0018,2025-07-20,421,393.2866242304003
SKU0019,2025-07-20,210,194.08933907442886
SKU0020,2025-07-20,118,120.06935565467464
SKU0021,2025-07-20,131,152.26453280269683
SKU0022,2025-07-20,308,344.2631507538747
SKU0023,2025-07-20,79,86.05742927345506
SKU0024,2025-07-20,146,145.3810290773937
SKU0025,2025-07-20,60,52.52804185982258
SKU0026,2025-07-20,52,54.019737979928486
SKU0027,2025-07-20,107,127.7481523363102
SKU0028,2025-07-20,135,137.1158526424331
SKU0029,2025-07-20,58,74.05012313090847
SKU0030,2025-07-20,65,65.0441512913238
SKU0031,2025-07-20,469,466.400170743686
SKU0032,2025-07-20,100,93.05572286806603
SKU0033,2025-07-20,245,251.11995726691043
SKU0034,2025-07-20,0,0.8382019220014686
SKU0035,2025-07-20,299,317.4289989569908
SKU0036,2025-07-20,1,0.2066645125104414
SKU0037,2025-07-20,109,106.22427793010775
SKU0038,2025-07-20,34,50.08636172744451
SKU0039,2025-07-20,483,482.427707588968
SKU0040,2025-07-20,169,159.90322342461687
SKU0041,2025-07-20,7,19.795140905982485
SKU0042,2025-07-20,109,115.77958394379553
SKU0043,2025-07-20,1,0.12304426153085644
SKU0044,2025-07-20,47,57.28825726156047
SKU0045,2025-07-20,69,70.89431959865286
SKU0046,2025-07-20,41,47.68459102555312
SKU0047,2025-07-20,104,108.60726464585552
SKU0048,2025-07-20,107,106.2345754962981
SKU0049,2025-07-20,0,0.8073293021108324
SKU0050,2025-07-20,346,366.55970429133913
SKU0051,2025-07-20,19,14.452835994290401
SKU0052,2025-07-20,44,46.779165595554005
SKU0053,2025-07-20,96,88.59870362746824
SKU0054,2025-07-20,0,0.3671537969939323
SKU0055,2025-07-20,200,197.70690036151217
SKU0056,2025-07-20,79,76.14225511110189
SKU0057,2025-07-20,180,189.56111925316077
SKU0058,2025-07-20,163,184.02036845983127
SKU0059,2025-07-20,0,0.11254371860588364
SKU0060,2025-07-20,316,316.6819569285739
SKU0061,2025-07-20,17,16.832447814734746
SKU0062,2025-07-20,107,141.82367118378204
SKU0063,2025-07-20,0,0.42580761975045034
SKU0064,2025-07-20,78,79.56473250507926
SKU0065,2025-07-20,120,124.3652883020835
SKU0066,2025-07-20,162,173.33495652039784
SKU0067,2025-07-20,81,76.26925537569473
SKU0068,2025-07-20,13,10.76559767314345
SKU0069,2025-07-20,55,51.47335053460016
SKU0070,2025-07-20,56,59.90294380291907
SKU0071,2025-07-20,300,307.95239493444296
SKU0072,2025-07-20,78,77.30314277259728
SKU0073,2025-07-20,361,359.6422991005679
SKU0074,2025-07-20,167,176.0409161630297
SKU0075,2025-07-20,0,0.4182165904477672
SKU0076,2025-07-20,35,37.249135213915444
SKU0077,2025-07-20,72,59.238764042548645
SKU0078,2025-07-20,109,130.12969708290314
SKU0079,2025-07-20,133,134.68493731395063
SKU0080,2025-07-20,0,0.5008566017316018
SKU0081,2025-07-20,42,49.7529440242513
SKU0082,2025-07-20,99,109.55805418569891
SKU0083,2025-07-20,195,175.12894373012776
SKU0084,2025-07-20,94,101.25543777775476
SKU0085,2025-07-20,0,0.5008566017316018
SKU0086,2025-07-20,22,15.087366720132803
SKU0087,2025-07-20,49,57.552105001558985
SKU0088,2025-07-20,42,38.43739168144665
SKU0089,2025-07-20,204,212.74256990606983
SKU0090,2025-07-20,146,165.53597201867993
SKU0091,2025-07-20,1,0.45193697123901155
SKU0092,2025-07-20,145,148.9561753933858
SKU0093,2025-07-20,189,210.84344706142846
SKU0094,2025-07-20,189,205.42093956162051
SKU0095,2025-07-20,170,170.02377753547304
SKU0096,2025-07-20,102,93.44121603173966
SKU0097,2025-07-20,364,376.36313334919157
SKU0098,2025-07-20,52,64.81432295795621
SKU0099,2025-07-20,487,519.87904765093
SKU0100,2025-07-20,110,110.67420172931018
SKU0101,2025-07-20,237,236.70418564226685
SKU0102,2025-07-20,28,43.506146667283765
SKU0103,2025-07-20,0,0.16216609236245297
SKU0104,2025-07-20,41,45.02948227994031
SKU0105,2025-07-20,258,242.22172784879953
SKU0106,2025-07-20,0,0.41916008010800937
SKU0107,2025-07-20,1,0.3848695110756358
SKU0108,2025-07-20,47,44.03235546618941
SKU0109,2025-07-20,100,108.69557448221414
SKU0110,2025-07-20,28,32.27550388608348
SKU0111,2025-07-20,214,215.03153491934404
SKU0112,2025-07-20,214,226.50217322555676
SKU0113,2025-07-20,137,139.34625760649726
SKU0114,2025-07-20,150,170.0206091766249
SKU0115,2025-07-20,295,305.59817591117167
SKU0116,2025-07-20,46,48.046056946132595
SKU0117,2025-07-20,119,124.8471803720869
SKU0118,2025-07-20,92,90.86608305292359
SKU0119,2025-07-20,186,191.14511892030933
SKU0120,2025-07-20,268,281.05867494356494
SKU0121,2025-07-20,233,216.8419373405033
SKU0122,2025-07-20,86,89.6686416821104
SKU0123,2025-07-20,392,377.48760409494406
SKU0124,2025-07-20,213,184.62008071213043
SKU0125,2025-07-20,173,154.5738391195828
SKU0126,2025-07-20,165,156.6422530061717
SKU0127,2025-07-20,188,167.57874345767507
SKU0128,2025-07-20,116,117.74263077695622
SKU0129,2025-07-20,45,58.80262716401609
SKU0130,2025-07-20,158,166.2760857614425
SKU0131,2025-07-20,65,64.42281867099527
SKU0132,2025-07-20,153,162.106274819815
SKU0133,2025-07-20,140,145.81983798909215
SKU0134,2025-07-20,96,100.59369547703167
SKU0135,2025-07-20,68,62.88940392683931
SKU0136,2025-07-20,144,148.02703477489936
SKU0137,2025-07-20,66,78.6452004502364
SKU0138,2025-07-20,108,114.4891433676152
SKU0139,2025-07-20,275,258.61004917945667
SKU0140,2025-07-20,296,300.40003463524135
SKU0141,2025-07-20,95,89.38638067651021
SKU0142,2025-07-20,110,117.53207054523256
SKU0143,2025-07-20,182,194.77297300231473
SKU0144,2025-07-20,277,313.6137295830368
SKU0145,2025-07-20,85,80.79391701672714
SKU0146,2025-07-20,73,75.72723996363159
SKU0147,2025-07-20,119,121.75583431236886
SKU0148,2025-07-20,274,275.8906824008602
SKU0149,2025-07-20,218,195.37886201733426
SKU0150,2025-07-20,136,122.63150392307858
SKU0151,2025-07-20,402,443.621157300255
SKU0152,2025-07-20,0,0.3615096961853155
SKU0153,2025-07-20,195,190.0501415572604
SKU0154,2025-07-20,43,36.188450105152626
SKU0155,2025-07-20,147,158.04613785748742
SKU0156,2025-07-20,169,162.60614021693735
SKU0157,2025-07-20,22,23.14209884176703
SKU0158,2025-07-20,83,107.09880713175129
SKU0159,2025-07-20,167,168.68697767907958
SKU0160,2025-07-20,79,91.56998489814703
SKU0161,2025-07-20,220,230.59069964059142
SKU0162,2025-07-20,94,108.90017167239665
SKU0163,2025-07-20,186,188.674514022339
SKU0164,2025-07-20,0,0.12680362395367115
SKU0165,2025-07-20,164,185.26079984497636
SKU0166,2025-07-20,32,34.13849233000715
SKU0167,2025-07-20,199,197.78512056479087
SKU0168,2025-07-20,387,390.13605946995233
SKU0169,2025-07-20,408,444.3172130078806
SKU0170,2025-07-20,78,82.41712746839912
SKU0171,2025-07-20,123,149.43276449685845
SKU0172,2025-07-20,92,115.01573361856605
SKU0173,2025-07-20,267,265.383935690683
SKU0174,2025-07-20,22,15.578333220696095
SKU0175,2025-07-20,324,346.7440894064679
SKU0176,2025-07-20,21,25.85915007962677
SKU0177,2025-07-20,55,57.069094383764835
SKU0178,2025-07-20,268,250.41346236065377
SKU0179,2025-07-20,0,0.5008566017316018
SKU0180,2025-07-20,144,153.62406179710882
SKU0181,2025-07-20,438,485.01034271054164
SKU0182,2025-07-20,553,534.0015937905172
SKU0183,2025-07-20,199,192.16484413959992
SKU0184,2025-07-20,16,15.4871549401258
SKU0185,2025-07-20,127,123.37741922340346
SKU0186,2025-07-20,70,83.78207487144013
SKU0187,2025-07-20,138,166.34280230413512
SKU0188,2025-07-20,0,0.43532123673310347
SKU0189,2025-07-20,76,65.57293030835115
SKU0190,2025-07-20,186,190.08902997524459
SKU0191,2025-07-20,0,0.41995345362497055
SKU0192,2025-07-20,28,26.130128696106166
SKU0193,2025-07-20,105,88.66350227561774
SKU0194,2025-07-20,1,0.3206178625515588
SKU0195,2025-07-20,16,24.27494869196672
SKU0196,2025-07-20,28,33.36546654537003
SKU0197,2025-07-20,102,98.2196391116644
SKU0198,2025-07-20,21,23.589345807747208
SKU0199,2025-07-20,174,182.83045550452294
SKU0200,2025-07-20,154,159.08353419451782
SKU0001,2025-07-27,177,208.098516278927
SKU0002,2025-07-27,390,430.2808828413101
SKU0003,2025-07-27,119,123.97474636139096
SKU0004,2025-07-27,85,94.49701095559274
SKU0005,2025-07-27,33,36.91621312576931
SKU0006,2025-07-27,170,170.81353354485654
SKU0007,2025-07-27,159,144.95120035050846
SKU0008,2025-07-27,145,161.07574124317472
SKU0009,2025-07-27,131,146.95543510709376
SKU0010,2025-07-27,190,195.43946187119138
SKU0011,2025-07-27,44,44.326355622481394
SKU0012,2025-07-27,30,22.675529925758852
SKU0013,2025-07-27,193,191.63940987241406
SKU0014,2025-07-27,19,21.2909351077936
SKU0015,2025-07-27,157,161.14747580208174
SKU0016,2025-07-27,131,127.48213606275667
SKU0017,2025-07-27,79,69.70771654208292
SKU0018,2025-07-27,393,381.44263650849393
SKU0019,2025-07-27,177,195.33736477261266
SKU0020,2025-07-27,133,114.41206623295116
SKU0021,2025-07-27,139,146.01688512802625
SKU0022,2025-07-27,319,320.3915460642903
SKU0023,2025-07-27,87,80.82946158281996
SKU0024,2025-07-27,139,146.90580866803563
SKU0025,2025-07-27,44,58.72458879570727
SKU0026,2025-07-27,45,49.48507484883826
SKU0027,2025-07-27,143,113.95005750058225
SKU0028,2025-07-27,138,132.96877154915288
SKU0029,2025-07-27,49,61.123404231465194
SKU0030,2025-07-27,64,64.75052908289183
SKU0031,2025-07-27,410,462.4235329635973
SKU0032,2025-07-27,83,87.51234807653732
SKU0033,2025-07-27,216,233.10917421857965
SKU0034,2025-07-27,2,1.0583620550952533
SKU0035,2025-07-27,282,311.84340291666683
SKU0036,2025-07-27,0,0.519155461110259
SKU0037,2025-07-27,84,104.27983836771024
SKU0038,2025-07-27,43,45.90256398580983
SKU0039,2025-07-27,529,473.5277004982681
SKU0040,2025-07-27,173,158.94905960690744
SKU0041,2025-07-27,22,16.764268483727665
SKU0042,2025-07-27,100,102.85593748855705
SKU0043,2025-07-27,0,0.402650066724391
SKU0044,2025-07-27,61,52.00966842100648
SKU0045,2025-07-27,61,69.70768053743765
SKU0046,2025-07-27,28,44.372434752277925
SKU0047,2025-07-27,97,101.24471484762529
SKU0048,2025-07-27,126,101.70521809671305
SKU0049,2025-07-27,1,1.1603128446410214
SKU0050,2025-07-27,379,348.375364352404
SKU0051,2025-07-27,17,14.237714184277225
SKU0052,2025-07-27,61,47.599931714188905
SKU0053,2025-07-27,93,94.71110447158816
SKU0054,2025-07-27,0,0.32235482080351896
SKU0055,2025-07-27,208,201.99048269429633
SKU0056,2025-07-27,78,75.74134527420765
SKU0057,2025-07-27,177,177.74213513523304
SKU0058,2025-07-27,177,180.69022974262538
SKU0059,2025-07-27,0,0.5008566017316018
SKU0060,2025-07-27,291,320.188992837652
SKU0061,2025-07-27,20,15.795947720422651
SKU0062,2025-07-27,124,119.58616165592802
SKU0063,2025-07-27,0,0.4432288534478268
SKU0064,2025-07-27,75,77.43366032416782
SKU0065,2025-07-27,127,123.43433592013169
SKU0066,2025-07-27,172,170.04042194884786
SKU0067,2025-07-27,66,74.96053643144297
SKU0068,2025-07-27,10,11.094175735504516
SKU0069,2025-07-27,42,54.63570558390283
SKU0070,2025-07-27,55,59.309391562830776
SKU0071,2025-07-27,312,290.5258185686118
SKU0072,2025-07-27,99,77.9204138092415
SKU0073,2025-07-27,341,344.2273214850101
SKU0074,2025-07-27,158,162.90515410482396
SKU0075,2025-07-27,0,0.330898986662698
SKU0076,2025-07-27,28,38.469433964463356
SKU0077,2025-07-27,52,62.539048011853055
SKU0078,2025-07-27,122,121.63862489250847
SKU0079,2025-07-27,139,130.51029940970903
SKU0080,2025-07-27,0,0.5008566017316018
SKU0081,2025-07-27,36,49.31052965484615
SKU0082,2025-07-27,90,110.86795328768136
SKU0083,2025-07-27,157,183.08830049357908
SKU0084,2025-07-27,101,97.56117594413135
SKU0085,2025-07-27,0,0.5008566017316018
SKU0086,2025-07-27,7,15.465078157597587
SKU0087,2025-07-27,50,53.98341118812651
SKU0088,2025-07-27,30,37.79878977493835
SKU0089,2025-07-27,183,188.00386214038477
SKU0090,2025-07-27,136,159.6288047902136
SKU0091,2025-07-27,0,0.4722997634506319
SKU0092,2025-07-27,129,145.16103035525535
SKU0093,2025-07-27,194,191.2691531438565
SKU0094,2025-07-27,219,199.78472043372622
SKU0095,2025-07-27,174,174.18057076029257
SKU0096,2025-07-27,98,97.01097558551257
SKU0097,2025-07-27,329,342.97349005450246
SKU0098,2025-07-27,70,63.0384295703703
SKU0099,2025-07-27,533,488.50777668341215
SKU0100,2025-07-27,121,119.35379732661151
SKU0101,2025-07-27,229,227.25157570435798
SKU0102,2025-07-27,46,40.49964365336899
SKU0103,2025-07-27,0,0.16216609236245297
SKU0104,2025-07-27,42,46.17269457791653
SKU0105,2025-07-27,229,247.92437230424193
SKU0106,2025-07-27,0,0.45919189565943763
SKU0107,2025-07-27,0,0.46244543708385194
SKU0108,2025-07-27,33,46.63191846864424
SKU0109,2025-07-27,111,100.93767780612293
SKU0110,2025-07-27,30,32.78880233320377
SKU0111,2025-07-27,223,203.7451228157826
SKU0112,2025-07-27,197,202.85659181394792
SKU0113,2025-07-27,137,130.4192959791004
SKU0114,2025-07-27,148,165.40834619584152
SKU0115,2025-07-27,297,290.82030429212716
SKU0116,2025-07-27,34,46.91834621770352
SKU0117,2025-07-27,121,123.31632405404343
SKU0118,2025-07-27,76,85.56574760452237
SKU0119,2025-07-27,187,179.24496638213054
SKU0120,2025-07-27,266,263.35137034041986
SKU0121,2025-07-27,214,228.93225957355324
SKU0122,2025-07-27,81,88.4537158606026
SKU0123,2025-07-27,380,363.18232679275224
SKU0124,2025-07-27,186,187.19708179081888
SKU0125,2025-07-27,137,156.3877179185049
SKU0126,2025-07-27,143,155.66383630070823
SKU0127,2025-07-27,168,186.19531817221704
SKU0128,2025-07-27,111,116.80544183309915
SKU0129,2025-07-27,58,52.548923401896324
SKU0130,2025-07-27,153,160.2561052213038
SKU0131,2025-07-27,75,63.97829285539264
SKU0132,2025-07-27,152,156.97616421691083
SKU0133,2025-07-27,140,138.02858401857083
SKU0134,2025-07-27,79,92.4466613244599
SKU0135,2025-07-27,69,64.69735321368127
SKU0136,2025-07-27,129,152.84429280444755
SKU0137,2025-07-27,72,74.54436303333225
SKU0138,2025-07-27,115,111.46583404675101
SKU0139,2025-07-27,265,266.6000247462824
SKU0140,2025-07-27,281,293.2032704746624
SKU0141,2025-07-27,83,89.45347074716985
SKU0142,2025-07-27,97,104.92582774165179
SKU0143,2025-07-27,196,193.6903950743628
SKU0144,2025-07-27,295,299.855081623662
SKU0145,2025-07-27,75,79.83418630592914
SKU0146,2025-07-27,73,73.71699066215564
SKU0147,2025-07-27,134,121.51906167833074
SKU0148,2025-07-27,286,264.10792789923516
SKU0149,2025-07-27,225,199.48241577154178
SKU0150,2025-07-27,120,124.6196985639966
SKU0151,2025-07-27,445,387.6987631401232
SKU0152,2025-07-27,0,0.13038154625199178
SKU0153,2025-07-27,200,187.84121732294312
SKU0154,2025-07-27,36,37.954219535802146
SKU0155,2025-07-27,145,153.24937060177703
SKU0156,2025-07-27,158,162.8688712531843
SKU0157,2025-07-27,26,22.052565124334805
SKU0158,2025-07-27,93,102.98794721782257
SKU0159,2025-07-27,177,174.90714787128957
SKU0160,2025-07-27,74,86.33858944754407
SKU0161,2025-07-27,233,221.0850826419881
SKU0162,2025-07-27,105,103.76729401246726
SKU0163,2025-07-27,177,182.82924248870134
SKU0164,2025-07-27,0,0.12680362395367115
SKU0165,2025-07-27,158,158.95922616380452
SKU0166,2025-07-27,34,28.463453168572613
SKU0167,2025-07-27,197,188.85312807459715
SKU0168,2025-07-27,376,383.10687664278754
SKU0169,2025-07-27,443,412.57986198824835
SKU0170,2025-07-27,71,95.2533793168169
SKU0171,2025-07-27,147,143.5767977898463
SKU0172,2025-07-27,107,123.46332729861652
SKU0173,2025-07-27,267,262.6836304983784
SKU0174,2025-07-27,12,15.366809259208965
SKU0175,2025-07-27,307,330.3114558684036
SKU0176,2025-07-27,16,25.641011336120172
SKU0177,2025-07-27,44,55.68034494264591
SKU0178,2025-07-27,247,256.5277028403004
SKU0179,2025-07-27,0,0.5008566017316018
SKU0180,2025-07-27,145,149.34545081469417
SKU0181,2025-07-27,475,489.4545024272686
SKU0182,2025-07-27,498,535.242304476632
SKU0183,2025-07-27,191,185.96035544923853
SKU0184,2025-07-27,16,17.348720991930804
SKU0185,2025-07-27,110,124.98748068615825
SKU0186,2025-07-27,73,79.1415504215418
SKU0187,2025-07-27,146,141.4864166065267
SKU0188,2025-07-27,1,0.41540950050523767
SKU0189,2025-07-27,65,63.19067974725823
SKU0190,2025-07-27,177,193.33963150463995
SKU0191,2025-07-27,0,0.5262207538729272
SKU0192,2025-07-27,19,27.494760197387233
SKU0193,2025-07-27,88,90.25408872343536
SKU0194,2025-07-27,1,0.41297467310499847
SKU0195,2025-07-27,14,23.96485250679204
SKU0196,2025-07-27,33,33.62434932774283
SKU0197,2025-07-27,89,99.06521203251279
SKU0198,2025-07-27,23,23.51344033890445
SKU0199,2025-07-27,152,172.95294764593265
SKU0200,2025-07-27,156,153.42160716314916
SKU0001,2025-08-03,204,221.23976956759728
SKU0002,2025-08-03,475,486.34720495129864
SKU0003,2025-08-03,139,125.48828862196817
SKU0004,2025-08-03,96,83.70636373779973
SKU0005,2025-08-03,34,46.53484300068931
SKU0006,2025-08-03,164,175.6971440421725
SKU0007,2025-08-03,185,164.67399635750866
SKU0008,2025-08-03,187,187.92561699022463
SKU0009,2025-08-03,142,135.75098481661792
SKU0010,2025-08-03,205,227.32817350248308
SKU0011,2025-08-03,35,45.022851957231616
SKU0012,2025-08-03,42,24.01031016595358
SKU0013,2025-08-03,205,215.72849222434957
SKU0014,2025-08-03,20,19.971059848038994
SKU0015,2025-08-03,171,167.99650450624154
SKU0016,2025-08-03,136,140.81770239836038
SKU0017,2025-08-03,87,75.22775000769428
SKU0018,2025-08-03,429,432.3584801699895
SKU0019,2025-08-03,201,209.41066881717688
SKU0020,2025-08-03,140,144.45433391826668
SKU0021,2025-08-03,137,157.27095785862736
SKU0022,2025-08-03,404,356.8215208669652
SKU0023,2025-08-03,91,95.28569006568813
SKU0024,2025-08-03,180,151.65844196768782
SKU0025,2025-08-03,65,55.48469992831613
SKU0026,2025-08-03,63,50.32799956026409
SKU0027,2025-08-03,134,139.16618444736625
SKU0028,2025-08-03,169,146.15148567519924
SKU0029,2025-08-03,66,71.6868574120656
SKU0030,2025-08-03,59,64.06142943686962
SKU0031,2025-08-03,515,489.88263029655485
SKU0032,2025-08-03,89,94.1537331760865
SKU0033,2025-08-03,273,252.589601832068
SKU0034,2025-08-03,0,1.3274579862615914
SKU0035,2025-08-03,382,326.1568797965593
SKU0036,2025-08-03,0,0.3763013351913824
SKU0037,2025-08-03,117,112.35933075483463
SKU0038,2025-08-03,60,48.684955064510206
SKU0039,2025-08-03,567,566.625650508848
SKU0040,2025-08-03,195,178.3138118941775
SKU0041,2025-08-03,17,20.169375909976942
SKU0042,2025-08-03,120,109.68569546985037
SKU0043,2025-08-03,0,0.12145952806611993
SKU0044,2025-08-03,64,59.491837554484626
SKU0045,2025-08-03,68,75.52902532717484
SKU0046,2025-08-03,48,47.585183282913356
SKU0047,2025-08-03,116,119.65596015181245
SKU0048,2025-08-03,128,130.36422600702824
SKU0049,2025-08-03,2,0.9915055704880201
SKU0050,2025-08-03,408,419.6354120914704
SKU0051,2025-08-03,13,16.830627031534604
SKU0052,2025-08-03,58,58.81372889821344
SKU0053,2025-08-03,100,94.5914550373165
SKU0054,2025-08-03,0,0.17446456828703052
SKU0055,2025-08-03,200,237.47285700002845
SKU0056,2025-08-03,85,75.7783816951631
SKU0057,2025-08-03,209,208.71854567635197
SKU0058,2025-08-03,231,219.03561091601765
SKU0059,2025-08-03,0,0.34821162171162184
SKU0060,2025-08-03,304,327.8136853680338
SKU0061,2025-08-03,17,16.72164621582357
SKU0062,2025-08-03,164,134.4822718506158
SKU0063,2025-08-03,0,0.438268019833085
SKU0064,2025-08-03,92,79.6275401805719
SKU0065,2025-08-03,143,126.64800335680819
SKU0066,2025-08-03,188,171.5555882287473
SKU0067,2025-08-03,64,91.28111048454475
SKU0068,2025-08-03,10,10.258374724122113
SKU0069,2025-08-03,63,52.27375652613688
SKU0070,2025-08-03,65,58.48143744305833
SKU0071,2025-08-03,294,295.3436375753541
SKU0072,2025-08-03,94,86.46569859069254
SKU0073,2025-08-03,406,418.4679146825398
SKU0074,2025-08-03,159,167.3586576455242
SKU0075,2025-08-03,2,0.32556792269590784
SKU0076,2025-08-03,36,35.27600252995618
SKU0077,2025-08-03,70,65.2492663862138
SKU0078,2025-08-03,137,144.42040466500922
SKU0079,2025-08-03,148,129.7359605549625
SKU0080,2025-08-03,0,0.17540823065823066
SKU0081,2025-08-03,48,50.07056017547133
SKU0082,2025-08-03,123,120.95691129646056
SKU0083,2025-08-03,194,174.65703668402534
SKU0084,2025-08-03,103,105.75000253846488
SKU0085,2025-08-03,0,0.17540823065823066
SKU0086,2025-08-03,14,14.628565739609748
SKU0087,2025-08-03,46,51.5541841307279
SKU0088,2025-08-03,37,35.56602275003874
SKU0089,2025-08-03,206,203.48586408730014
SKU0090,2025-08-03,175,158.39082833117865
SKU0091,2025-08-03,2,0.4489139535429903
SKU0092,2025-08-03,155,178.83359050264642
SKU0093,2025-08-03,221,212.95380329578208
SKU0094,2025-08-03,227,213.44177994689923
SKU0095,2025-08-03,191,172.84637427545454
SKU0096,2025-08-03,87,104.35354963228073
SKU0097,2025-08-03,363,357.91223082591074
SKU0098,2025-08-03,65,64.77388431087559
SKU0099,2025-08-03,506,544.004886439584
SKU0100,2025-08-03,132,132.67859282656005
SKU0101,2025-08-03,221,248.8532953892692
SKU0102,2025-08-03,38,49.88364715362491
SKU0103,2025-08-03,0,0.15915277757223073
SKU0104,2025-08-03,48,44.862967519946466
SKU0105,2025-08-03,270,261.5920972194704
SKU0106,2025-08-03,1,0.3989258036720225
SKU0107,2025-08-03,0,0.5334537291313394
SKU0108,2025-08-03,39,50.62737282563214
SKU0109,2025-08-03,114,114.43636748733597
SKU0110,2025-08-03,32,29.28987617855435
SKU0111,2025-08-03,233,223.7273387218477
SKU0112,2025-08-03,250,215.7268470709905
SKU0113,2025-08-03,149,141.01811274099853
SKU0114,2025-08-03,195,159.59791451462513
SKU0115,2025-08-03,335,310.62761150491116
SKU0116,2025-08-03,46,47.11721170198193
SKU0117,2025-08-03,132,143.86638021377794
SKU0118,2025-08-03,106,89.69760971274759
SKU0119,2025-08-03,174,198.102950747205
SKU0120,2025-08-03,296,316.6500084913947
SKU0121,2025-08-03,234,257.76487110809126
SKU0122,2025-08-03,96,113.61059305197863
SKU0123,2025-08-03,415,408.01400471432527
SKU0124,2025-08-03,218,214.79946320495048
SKU0125,2025-08-03,185,162.03185822956567
SKU0126,2025-08-03,187,171.35938311553798
SKU0127,2025-08-03,194,201.05004885128608
SKU0128,2025-08-03,125,108.82694762917824
SKU0129,2025-08-03,63,59.37999438735353
SKU0130,2025-08-03,155,159.87047922384994
SKU0131,2025-08-03,72,71.0355652151294
SKU0132,2025-08-03,142,164.86997257168147
SKU0133,2025-08-03,172,153.77810098032163
SKU0134,2025-08-03,105,112.03581561927597
SKU0135,2025-08-03,87,75.74184423854787
SKU0136,2025-08-03,171,161.90211271531678
SKU0137,2025-08-03,88,79.42478371727123
SKU0138,2025-08-03,116,132.41068354190946
SKU0139,2025-08-03,280,279.300960069573
SKU0140,2025-08-03,332,325.5907071816069
SKU0141,2025-08-03,98,99.04185367652529
SKU0142,2025-08-03,123,112.97987848106207
SKU0143,2025-08-03,201,216.66997204276547
SKU0144,2025-08-03,343,324.4840429124831
SKU0145,2025-08-03,92,88.1829011609799
SKU0146,2025-08-03,75,73.78343185180677
SKU0147,2025-08-03,129,135.85262697502765
SKU0148,2025-08-03,282,290.0214169481517
SKU0149,2025-08-03,230,221.23227461077988
SKU0150,2025-08-03,141,144.21445720340094
SKU0151,2025-08-03,450,453.5524239765946
SKU0152,2025-08-03,0,0.10810484578736562
SKU0153,2025-08-03,189,213.88264119646
SKU0154,2025-08-03,34,37.14978418836879
SKU0155,2025-08-03,161,146.60368854745045
SKU0156,2025-08-03,175,169.55597105940714
SKU0157,2025-08-03,31,22.3899445245914
SKU0158,2025-08-03,93,107.47066746976607
SKU0159,2025-08-03,199,206.91058595573122
SKU0160,2025-08-03,115,100.68127103038518
SKU0161,2025-08-03,248,225.97707489994175
SKU0162,2025-08-03,99,112.32825620072403
SKU0163,2025-08-03,226,213.06459887207967
SKU0164,2025-08-03,1,0.12421045449043465
SKU0165,2025-08-03,169,164.76104465213402
SKU0166,2025-08-03,22,31.131929868495078
SKU0167,2025-08-03,228,199.26228086581415
SKU0168,2025-08-03,407,411.8356883188287
SKU0169,2025-08-03,505,469.9720441196876
SKU0170,2025-08-03,83,82.19050775723673
SKU0171,2025-08-03,166,151.09676474562875
SKU0172,2025-08-03,118,134.70229733591734
SKU0173,2025-08-03,287,304.26200575150153
SKU0174,2025-08-03,18,14.550292890167295
SKU0175,2025-08-03,354,341.54719692755236
SKU0176,2025-08-03,28,23.4097636098339
SKU0177,2025-08-03,58,52.88045650462485
SKU0178,2025-08-03,258,243.25309671137734
SKU0179,2025-08-03,0,0.17540823065823066
SKU0180,2025-08-03,163,158.17529236450727
SKU0181,2025-08-03,593,508.5121551421608
SKU0182,2025-08-03,581,600.4828120066206
SKU0183,2025-08-03,217,219.48592566117833
SKU0184,2025-08-03,17,20.075488606489404
SKU0185,2025-08-03,134,118.69603646282435
SKU0186,2025-08-03,94,82.77939599686624
SKU0187,2025-08-03,168,168.22088693501323
SKU0188,2025-08-03,0,0.4193764168834248
SKU0189,2025-08-03,59,65.56806464631673
SKU0190,2025-08-03,202,202.10239199843835
SKU0191,2025-08-03,0,0.3779416711362719
SKU0192,2025-08-03,24,28.45454506778242
SKU0193,2025-08-03,105,96.82454789665827
SKU0194,2025-08-03,0,0.4316787906347768
SKU0195,2025-08-03,32,22.384988576382547
SKU0196,2025-08-03,27,28.872442418780583
SKU0197,2025-08-03,103,101.49718158940999
SKU0198,2025-08-03,16,23.722660813198086
SKU0199,2025-08-03,180,208.60724523602966
SKU0200,2025-08-03,186,166.87681494414744
SKU0001,2025-08-10,231,212.9272898719031
SKU0002,2025-08-10,544,501.25349321219727
SKU0003,2025-08-10,142,132.68594532642283
SKU0004,2025-08-10,98,87.62063375906962
SKU0005,2025-08-10,48,34.383560676813886
SKU0006,2025-08-10,190,204.86731503092633
SKU0007,2025-08-10,162,161.12421431402504
SKU0008,2025-08-10,214,183.8020564246441
SKU0009,2025-08-10,153,146.23682748674585
SKU0010,2025-08-10,245,234.21821219239965
SKU0011,2025-08-10,49,41.58051783208833
SKU0012,2025-08-10,33,29.93379463804867
SKU0013,2025-08-10,237,233.11825874282889
SKU0014,2025-08-10,29,21.813584156765177
SKU0015,2025-08-10,200,171.94312563901178
SKU0016,2025-08-10,162,128.28579128794726
SKU0017,2025-08-10,107,78.3593604820664
SKU0018,2025-08-10,498,464.9428016760257
SKU0019,2025-08-10,274,215.4210994093558
SKU0020,2025-08-10,141,120.6519467631734
SKU0021,2025-08-10,191,161.41460838198384
SKU0022,2025-08-10,423,357.41535240413754
SKU0023,2025-08-10,108,98.6118415947802
SKU0024,2025-08-10,183,174.4024022813507
SKU0025,2025-08-10,55,62.35443082292177
SKU0026,2025-08-10,52,56.73042240728464
SKU0027,2025-08-10,132,150.24389557061056
SKU0028,2025-08-10,178,156.84184292774123
SKU0029,2025-08-10,79,74.66344682075537
SKU0030,2025-08-10,91,74.25622499744348
SKU0031,2025-08-10,601,517.2755109078629
SKU0032,2025-08-10,107,99.15840760740572
SKU0033,2025-08-10,294,277.6364003824047
SKU0034,2025-08-10,1,0.9120557182554652
SKU0035,2025-08-10,362,344.21556135387766
SKU0036,2025-08-10,0,0.3743135402158229
SKU0037,2025-08-10,100,122.32627139880599
SKU0038,2025-08-10,62,51.77561881775259
SKU0039,2025-08-10,634,550.5000990821683
SKU0040,2025-08-10,181,187.36437218750555
SKU0041,2025-08-10,23,19.15042391018039
SKU0042,2025-08-10,133,127.74336550935406
SKU0043,2025-08-10,0,0.12413399901739415
SKU0044,2025-08-10,69,60.6925464158156
SKU0045,2025-08-10,105,91.03619624261194
SKU0046,2025-08-10,59,51.4262425291933
SKU0047,2025-08-10,131,105.04979284096582
SKU0048,2025-08-10,158,126.88410180503823
SKU0049,2025-08-10,1,1.0643506401292562
SKU0050,2025-08-10,437,393.690054798374
SKU0051,2025-08-10,6,15.12261887533608
SKU0052,2025-08-10,51,60.32263853088766
SKU0053,2025-08-10,104,92.92835805065585
SKU0054,2025-08-10,1,0.15915277757223073
SKU0055,2025-08-10,284,218.3640636413926
SKU0056,2025-08-10,99,77.92877195796888
SKU0057,2025-08-10,232,214.72102358929303
SKU0058,2025-08-10,199,230.93769590969535
SKU0059,2025-08-10,0,0.17540823065823066
SKU0060,2025-08-10,399,413.5339536435788
SKU0061,2025-08-10,25,19.181907021667314
SKU0062,2025-08-10,157,146.4087931891773
SKU0063,2025-08-10,0,0.4276245755245172
SKU0064,2025-08-10,87,81.48165468262599
SKU0065,2025-08-10,138,152.3594428763476
SKU0066,2025-08-10,216,181.05857128310984
SKU0067,2025-08-10,96,81.57880632392622
SKU0068,2025-08-10,8,10.295016203220193
SKU0069,2025-08-10,59,52.675655801810905
SKU0070,2025-08-10,76,71.96314126617227
SKU0071,2025-08-10,372,328.34053597521205
SKU0072,2025-08-10,99,94.06986623064424
SKU0073,2025-08-10,445,444.17902961760456
SKU0074,2025-08-10,203,169.6616103358113
SKU0075,2025-08-10,1,0.4602900151115838
SKU0076,2025-08-10,54,37.69060454050293
SKU0077,2025-08-10,67,62.90000854031027
SKU0078,2025-08-10,173,138.33944739574108
SKU0079,2025-08-10,167,140.506253490038
SKU0080,2025-08-10,0,0.17540823065823066
SKU0081,2025-08-10,52,48.7920872418478
SKU0082,2025-08-10,146,132.2344108340385
SKU0083,2025-08-10,239,216.34730788895519
SKU0084,2025-08-10,130,102.95873015881008
SKU0085,2025-08-10,0,0.17540823065823066
SKU0086,2025-08-10,15,14.05656876747862
SKU0087,2025-08-10,84,53.17969643755739
SKU0088,2025-08-10,60,38.502659481786026
SKU0089,2025-08-10,261,199.15498138583763
SKU0090,2025-08-10,188,189.84939653115703
SKU0091,2025-08-10,2,0.5811147873457989
SKU0092,2025-08-10,149,157.56968997799487
SKU0093,2025-08-10,223,206.97023548508528
SKU0094,2025-08-10,280,237.41898781172495
SKU0095,2025-08-10,203,180.48054253154038
SKU0096,2025-08-10,101,97.50693816970137
SKU0097,2025-08-10,462,437.4472952741704
SKU0098,2025-08-10,74,61.75583284932992
SKU0099,2025-08-10,598,555.574613160575
SKU0100,2025-08-10,138,144.87638809433258
SKU0101,2025-08-10,244,281.9042948159084
SKU0102,2025-08-10,41,41.04973227875177
SKU0103,2025-08-10,1,0.12421045449043465
SKU0104,2025-08-10,50,55.54145333936994
SKU0105,2025-08-10,297,297.99931145406885
SKU0106,2025-08-10,2,0.4273945502396474
SKU0107,2025-08-10,0,0.401730954564783
SKU0108,2025-08-10,47,47.30526251196891
SKU0109,2025-08-10,147,120.32499759962282
SKU0110,2025-08-10,32,28.432850065914845
SKU0111,2025-08-10,244,241.20416187835875
SKU0112,2025-08-10,252,258.7082377523425
SKU0113,2025-08-10,167,141.4676389414726
SKU0114,2025-08-10,221,179.00704693612343
SKU0115,2025-08-10,344,331.2071515267506
SKU0116,2025-08-10,61,53.93627876708106
SKU0117,2025-08-10,160,157.8936313575474
SKU0118,2025-08-10,112,92.77002086363662
SKU0119,2025-08-10,224,213.89224580460203
SKU0120,2025-08-10,321,307.9487754997492
SKU0121,2025-08-10,284,260.4427473863454
SKU0122,2025-08-10,118,91.22957131965552
SKU0123,2025-08-10,524,435.52065645540495
SKU0124,2025-08-10,235,220.13104064746386
SKU0125,2025-08-10,200,184.14247226178065
SKU0126,2025-08-10,184,177.96230155127262
SKU0127,2025-08-10,229,193.55476130786894
SKU0128,2025-08-10,160,122.38603584086168
SKU0129,2025-08-10,74,62.38069587993901
SKU0130,2025-08-10,194,171.6577462796868
SKU0131,2025-08-10,89,74.43156810834957
SKU0132,2025-08-10,186,158.40837188963332
SKU0133,2025-08-10,171,187.55075284472147
SKU0134,2025-08-10,116,103.9242665996563
SKU0135,2025-08-10,81,75.82307484928494
SKU0136,2025-08-10,186,179.43362012951232
SKU0137,2025-08-10,93,76.77750481702218
SKU0138,2025-08-10,137,133.53037218169314
SKU0139,2025-08-10,315,331.05594659726097
SKU0140,2025-08-10,378,359.1360358495672
SKU0141,2025-08-10,102,90.75651329242329
SKU0142,2025-08-10,112,120.88400272635786
SKU0143,2025-08-10,225,226.89758700932344
SKU0144,2025-08-10,376,329.66465703111993
SKU0145,2025-08-10,99,108.61163958125455
SKU0146,2025-08-10,105,77.21452240120612
SKU0147,2025-08-10,138,142.81417444973403
SKU0148,2025-08-10,330,288.636413036131
SKU0149,2025-08-10,255,227.70139538032475
SKU0150,2025-08-10,149,144.74393024082812
SKU0151,2025-08-10,541,491.10135452653316
SKU0152,2025-08-10,0,0.13100482490251608
SKU0153,2025-08-10,241,224.22231290369703
SKU0154,2025-08-10,45,34.55392616619409
SKU0155,2025-08-10,180,161.2720099634287
SKU0156,2025-08-10,217,176.91850170272517
SKU0157,2025-08-10,37,23.87224101573187
SKU0158,2025-08-10,130,101.62594439221995
SKU0159,2025-08-10,208,198.64842262926422
SKU0160,2025-08-10,124,101.73908265872925
SKU0161,2025-08-10,272,286.4621680951892
SKU0162,2025-08-10,125,110.18280161220348
SKU0163,2025-08-10,229,240.88348871012116
SKU0164,2025-08-10,2,0.2019710430914103
SKU0165,2025-08-10,198,169.45457974513545
SKU0166,2025-08-10,31,38.297088863577684
SKU0167,2025-08-10,215,223.10691859603062
SKU0168,2025-08-10,492,459.6012300369702
SKU0169,2025-08-10,560,485.1107064740814
SKU0170,2025-08-10,110,90.19637223758951
SKU0171,2025-08-10,179,152.50799854991436
SKU0172,2025-08-10,141,125.8372302530524
SKU0173,2025-08-10,317,332.8700613379125
SKU0174,2025-08-10,15,17.598341838288338
SKU0175,2025-08-10,398,358.8684043156238
SKU0176,2025-08-10,24,22.783760979618496
SKU0177,2025-08-10,74,59.71094543308182
SKU0178,2025-08-10,306,289.4672057855604
SKU0179,2025-08-10,1,0.17540823065823066
SKU0180,2025-08-10,165,159.28629185923486
SKU0181,2025-08-10,610,580.6466877680277
SKU0182,2025-08-10,675,624.0959659197014
SKU0183,2025-08-10,248,239.6207972893821
SKU0184,2025-08-10,26,17.295478921343484
SKU0185,2025-08-10,147,141.27740764890245
SKU0186,2025-08-10,110,87.87709468319434
SKU0187,2025-08-10,179,173.7667015073009
SKU0188,2025-08-10,1,0.5083583411931382
SKU0189,2025-08-10,75,65.38704683378342
SKU0190,2025-08-10,227,200.3887662396679
SKU0191,2025-08-10,0,0.4082438873451264
SKU0192,2025-08-10,32,28.952333064089444
SKU0193,2025-08-10,139,117.91632222884118
SKU0194,2025-08-10,1,0.396359891965316
SKU0195,2025-08-10,36,22.461272933600263
SKU0196,2025-08-10,35,29.613922948658516
SKU0197,2025-08-10,139,108.76292917894156
SKU0198,2025-08-10,32,21.43294459790207
SKU0199,2025-08-10,210,199.19051363267295
SKU0200,2025-08-10,202,184.78116696500882
SKU0001,2025-08-17,195,196.52963464580793
SKU0002,2025-08-17,392,425.144499706395
SKU0003,2025-08-17,105,126.00611098092692
SKU0004,2025-08-17,78,86.32862250154096
SKU0005,2025-08-17,38,37.28263543478317
SKU0006,2025-08-17,148,172.13652337256153
SKU0007,2025-08-17,126,137.46005870990723
SKU0008,2025-08-17,144,152.62955213172535
SKU0009,2025-08-17,131,140.43759276829778
SKU0010,2025-08-17,202,192.89599453018516
SKU0011,2025-08-17,21,41.738560111813
SKU0012,2025-08-17,29,26.125755538465018
SKU0013,2025-08-17,193,173.37775243333272
SKU0014,2025-08-17,15,20.249788686511266
SKU0015,2025-08-17,145,162.41146530665418
SKU0016,2025-08-17,106,128.98008035054684
SKU0017,2025-08-17,64,75.90169958829605
SKU0018,2025-08-17,342,407.0784570590703
SKU0019,2025-08-17,208,194.1644084017633
SKU0020,2025-08-17,96,115.78981410552139
SKU0021,2025-08-17,123,155.9972826757827
SKU0022,2025-08-17,334,316.8852450149809
SKU0023,2025-08-17,76,90.7130840831901
SKU0024,2025-08-17,122,151.50816445561128
SKU0025,2025-08-17,39,52.25436605844241
SKU0026,2025-08-17,33,48.44945414886449
SKU0027,2025-08-17,116,114.88151544386729
SKU0028,2025-08-17,114,128.42806392358818
SKU0029,2025-08-17,54,56.52954267395456
SKU0030,2025-08-17,74,63.76411037594481
SKU0031,2025-08-17,461,446.7661830232497
SKU0032,2025-08-17,69,91.54471056037119
SKU0033,2025-08-17,203,221.10152864157854
SKU0034,2025-08-17,0,0.47841049587246653
SKU0035,2025-08-17,281,289.7422560990967
SKU0036,2025-08-17,0,0.1236313971559672
SKU0037,2025-08-17,103,111.30534608789259
SKU0038,2025-08-17,34,46.48048167002083
SKU0039,2025-08-17,411,504.76423272596264
SKU0040,2025-08-17,126,158.3256531959785
SKU0041,2025-08-17,22,18.346396152234114
SKU0042,2025-08-17,116,105.69863133484041
SKU0043,2025-08-17,0,0.12161052115500093
SKU0044,2025-08-17,51,57.12381125459221
SKU0045,2025-08-17,70,70.14215598109905
SKU0046,2025-08-17,45,44.152507756606795
SKU0047,2025-08-17,104,101.97248078889035
SKU0048,2025-08-17,100,113.84749981535202
SKU0049,2025-08-17,0,0.730178667368997
SKU0050,2025-08-17,322,368.1997240214448
SKU0051,2025-08-17,11,13.447045330654646
SKU0052,2025-08-17,51,45.80389572855234
SKU0053,2025-08-17,90,89.7745697495567
SKU0054,2025-08-17,1,0.3528646187045819
SKU0055,2025-08-17,193,206.52175800141475
SKU0056,2025-08-17,62,79.98759431913219
SKU0057,2025-08-17,174,166.21627590403696
SKU0058,2025-08-17,161,172.6610006615011
SKU0059,2025-08-17,0,0.17540823065823066
SKU0060,2025-08-17,303,323.41927272067545
SKU0061,2025-08-17,26,16.689817561095886
SKU0062,2025-08-17,109,124.8634531369901
SKU0063,2025-08-17,1,0.3151741520026445
SKU0064,2025-08-17,62,77.74101567286954
SKU0065,2025-08-17,101,122.17638108826651
SKU0066,2025-08-17,165,154.46121410110678
SKU0067,2025-08-17,75,70.6628474588956
SKU0068,2025-08-17,11,10.39758678477738
SKU0069,2025-08-17,49,47.93078530547727
SKU0070,2025-08-17,54,57.60713402240376
SKU0071,2025-08-17,276,287.8628986305389
SKU0072,2025-08-17,63,77.99265178009563
SKU0073,2025-08-17,331,366.0102359587553
SKU0074,2025-08-17,163,174.45220524491833
SKU0075,2025-08-17,0,0.43765142084081043
SKU0076,2025-08-17,30,42.09140804673056
SKU0077,2025-08-17,54,56.768210789865726
SKU0078,2025-08-17,104,127.73446149692401
SKU0079,2025-08-17,135,129.32237089478446
SKU0080,2025-08-17,0,0.17540823065823066
SKU0081,2025-08-17,46,45.163964304084885
SKU0082,2025-08-17,110,107.04452815387555
SKU0083,2025-08-17,149,179.24250816835556
SKU0084,2025-08-17,92,96.77690526719124
SKU0085,2025-08-17,0,0.17540823065823066
SKU0086,2025-08-17,13,15.179411602149004
SKU0087,2025-08-17,41,55.04833119724811
SKU0088,2025-08-17,42,42.0608270630494
SKU0089,2025-08-17,182,192.95641267605714
SKU0090,2025-08-17,132,152.22170177165543
SKU0091,2025-08-17,1,0.6140765469334526
SKU0092,2025-08-17,129,135.00451268344978
SKU0093,2025-08-17,152,188.123562772981
SKU0094,2025-08-17,158,213.20425908379136
SKU0095,2025-08-17,146,152.5748694168091
SKU0096,2025-08-17,65,91.81691151361775
SKU0097,2025-08-17,298,361.8734777390366
SKU0098,2025-08-17,49,58.33514545940317
SKU0099,2025-08-17,437,477.2838646676334
SKU0100,2025-08-17,96,112.57425913063773
SKU0101,2025-08-17,205,221.28404033725712
SKU0102,2025-08-17,34,39.65018294642268
SKU0103,2025-08-17,0,0.2019710430914103
SKU0104,2025-08-17,45,43.515477273630125
SKU0105,2025-08-17,214,240.06718564081973
SKU0106,2025-08-17,0,0.4779966917704743
SKU0107,2025-08-17,0,0.4276245755245172
SKU0108,2025-08-17,38,42.737524649731455
SKU0109,2025-08-17,90,111.40577932462203
SKU0110,2025-08-17,25,28.34511421573935
SKU0111,2025-08-17,191,199.6443968774183
SKU0112,2025-08-17,175,201.4513121985479
SKU0113,2025-08-17,107,132.26526726456441
SKU0114,2025-08-17,126,154.95167302561532
SKU0115,2025-08-17,268,279.31306387512245
SKU0116,2025-08-17,52,45.891322817278244
SKU0117,2025-08-17,100,121.44125969829281
SKU0118,2025-08-17,64,84.99507351816044
SKU0119,2025-08-17,187,181.00453939448732
SKU0120,2025-08-17,251,253.5666865231867
SKU0121,2025-08-17,160,220.25328158034222
SKU0122,2025-08-17,67,91.41745466807112
SKU0123,2025-08-17,391,405.2996416117292
SKU0124,2025-08-17,153,183.07597703477123
SKU0125,2025-08-17,145,161.16367968830548
SKU0126,2025-08-17,147,149.65840144454307
SKU0127,2025-08-17,159,186.57791832600876
SKU0128,2025-08-17,111,118.43156718657511
SKU0129,2025-08-17,36,57.93345022288907
SKU0130,2025-08-17,150,148.36241502684592
SKU0131,2025-08-17,54,64.0403936618938
SKU0132,2025-08-17,127,154.04934896551995
SKU0133,2025-08-17,137,136.48835000639042
SKU0134,2025-08-17,95,93.79354885292567
SKU0135,2025-08-17,58,64.18203172869349
SKU0136,2025-08-17,132,145.37815271721584
SKU0137,2025-08-17,84,67.34134099844209
SKU0138,2025-08-17,99,111.03187241838937
SKU0139,2025-08-17,251,254.56284086571333
SKU0140,2025-08-17,291,286.94992357460643
SKU0141,2025-08-17,81,85.7128968787656
SKU0142,2025-08-17,87,103.04975753911673
SKU0143,2025-08-17,164,171.20723449168977
SKU0144,2025-08-17,310,286.3478428581738
SKU0145,2025-08-17,75,79.24674808066543
SKU0146,2025-08-17,64,72.955049695543
SKU0147,2025-08-17,107,119.6430591150991
SKU0148,2025-08-17,239,254.76424158487146
SKU0149,2025-08-17,180,207.00993679350617
SKU0150,2025-08-17,112,115.15459482995286
SKU0151,2025-08-17,386,411.62390234320696
SKU0152,2025-08-17,0,0.11335708930520239
SKU0153,2025-08-17,167,178.9447523721519
SKU0154,2025-08-17,28,36.97740445547214
SKU0155,2025-08-17,132,141.14367021291181
SKU0156,2025-08-17,133,156.553825305051
SKU0157,2025-08-17,18,24.70968549290611
SKU0158,2025-08-17,76,100.17795601400572
SKU0159,2025-08-17,166,182.17389124207165
SKU0160,2025-08-17,94,86.40540364694802
SKU0161,2025-08-17,194,231.52207219032914
SKU0162,2025-08-17,88,104.52355043568645
SKU0163,2025-08-17,189,179.03380112769082
SKU0164,2025-08-17,1,0.6873143248440364
SKU0165,2025-08-17,130,159.15967867835545
SKU0166,2025-08-17,25,28.809638689197484
SKU0167,2025-08-17,184,180.53991015676743
SKU0168,2025-08-17,381,410.29336079397115
SKU0169,2025-08-17,425,409.71268997411613
SKU0170,2025-08-17,67,84.92130621156916
SKU0171,2025-08-17,125,140.611712688726
SKU0172,2025-08-17,88,107.2570123840196
SKU0173,2025-08-17,254,249.10514626147676
SKU0174,2025-08-17,8,17.885051048781392
SKU0175,2025-08-17,322,337.5355290351888
SKU0176,2025-08-17,24,22.215963450343033
SKU0177,2025-08-17,59,54.97208378969393
SKU0178,2025-08-17,204,253.11262982557358
SKU0179,2025-08-17,2,0.19800983324212484
SKU0180,2025-08-17,131,136.2637550322614
SKU0181,2025-08-17,441,438.3736151311481
SKU0182,2025-08-17,502,534.4691732452558
SKU0183,2025-08-17,174,186.44563798061475
SKU0184,2025-08-17,14,18.023331247700373
SKU0185,2025-08-17,102,118.0289509642012
SKU0186,2025-08-17,49,77.15351183975802
SKU0187,2025-08-17,143,140.44943666135327
SKU0188,2025-08-17,0,0.39647081744296175
SKU0189,2025-08-17,52,63.53409747254188
SKU0190,2025-08-17,201,171.78463516672454
SKU0191,2025-08-17,0,0.3151741520026445
SKU0192,2025-08-17,23,27.544076852201783
SKU0193,2025-08-17,78,95.72105398886688
SKU0194,2025-08-17,0,0.46196249706140696
SKU0195,2025-08-17,22,23.47216814701337
SKU0196,2025-08-17,30,28.662478442805487
SKU0197,2025-08-17,100,106.64469319893418
SKU0198,2025-08-17,24,20.345307997085612
SKU0199,2025-08-17,158,164.157720183665
SKU0200,2025-08-17,150,150.03195678567744
SKU0001,2025-08-24,178,181.8589251932717
SKU0002,2025-08-24,369,373.9492414545759
SKU0003,2025-08-24,113,118.44781961029241
SKU0004,2025-08-24,70,79.38324238732439
SKU0005,2025-08-24,26,33.01443261611909
SKU0006,2025-08-24,158,152.5121174782251
SKU0007,2025-08-24,128,130.11872699700464
SKU0008,2025-08-24,127,145.99400560138213
SKU0009,2025-08-24,118,128.87251668210305
SKU0010,2025-08-24,184,186.50802869490363
SKU0011,2025-08-24,41,36.75274709800368
SKU0012,2025-08-24,15,25.29595185248511
SKU0013,2025-08-24,185,183.42431586060349
SKU0014,2025-08-24,15,20.209832342078826
SKU0015,2025-08-24,139,148.92084913781665
SKU0016,2025-08-24,109,116.30261036744885
SKU0017,2025-08-24,63,72.88751592605698
SKU0018,2025-08-24,413,355.4817193114499
SKU0019,2025-08-24,175,178.86465229208468
SKU0020,2025-08-24,106,106.8204365901896
SKU0021,2025-08-24,142,129.01980261893365
SKU0022,2025-08-24,295,312.63267714785223
SKU0023,2025-08-24,71,77.24882153894933
SKU0024,2025-08-24,119,131.5524449919099
SKU0025,2025-08-24,54,46.09040111498001
SKU0026,2025-08-24,39,45.547689551271084
SKU0027,2025-08-24,102,114.68271197843518
SKU0028,2025-08-24,127,126.53374020736675
SKU0029,2025-08-24,60,54.320363462199175
SKU0030,2025-08-24,65,62.15206380980283
SKU0031,2025-08-24,392,394.0067737317757
SKU0032,2025-08-24,69,78.0773903508269
SKU0033,2025-08-24,194,210.34673612951906
SKU0034,2025-08-24,0,0.4241641923942012
SKU0035,2025-08-24,238,292.58143620816986
SKU0036,2025-08-24,0,0.15249330379189524
SKU0037,2025-08-24,81,95.41913128849957
SKU0038,2025-08-24,31,42.45437420388677
SKU0039,2025-08-24,409,417.8441937017126
SKU0040,2025-08-24,145,153.99122145754487
SKU0041,2025-08-24,13,16.991289796556458
SKU0042,2025-08-24,110,104.11943337436841
SKU0043,2025-08-24,0,0.15915277757223073
SKU0044,2025-08-24,43,52.62562428326889
SKU0045,2025-08-24,71,64.31423605323599
SKU0046,2025-08-24,38,40.75028763815109
SKU0047,2025-08-24,81,93.30367958058187
SKU0048,2025-08-24,97,103.95287402962987
SKU0049,2025-08-24,0,0.5486810338077537
SKU0050,2025-08-24,318,306.4760157219056
SKU0051,2025-08-24,13,10.678075220089163
SKU0052,2025-08-24,40,47.04934972578898
SKU0053,2025-08-24,75,84.79648227731845
SKU0054,2025-08-24,2,0.3062990827350109
SKU0055,2025-08-24,189,210.70310020448215
SKU0056,2025-08-24,67,71.12703756593991
SKU0057,2025-08-24,173,164.64862766972968
SKU0058,2025-08-24,147,162.34512231457464
SKU0059,2025-08-24,0,0.17540823065823066
SKU0060,2025-08-24,266,291.3245015652295
SKU0061,2025-08-24,19,20.284505669952747
SKU0062,2025-08-24,113,118.87392561013246
SKU0063,2025-08-24,0,0.38575594961366144
SKU0064,2025-08-24,58,71.64776006063762
SKU0065,2025-08-24,107,117.54893546130461
SKU0066,2025-08-24,157,157.42540957147895
SKU0067,2025-08-24,64,65.38918039256467
SKU0068,2025-08-24,10,9.196262398842833
SKU0069,2025-08-24,48,46.30113820345394
SKU0070,2025-08-24,52,55.33142809286334
SKU0071,2025-08-24,242,278.8368469874666
SKU0072,2025-08-24,75,77.62786695758085
SKU0073,2025-08-24,293,322.3522261707107
SKU0074,2025-08-24,138,151.59381108801165
SKU0075,2025-08-24,0,0.42584608656978334
SKU0076,2025-08-24,25,33.4976708942457
SKU0077,2025-08-24,55,55.85986292780714
SKU0078,2025-08-24,107,117.21785242974138
SKU0079,2025-08-24,112,122.9515902274754
SKU0080,2025-08-24,0,0.17540823065823066
SKU0081,2025-08-24,39,43.61327436848123
SKU0082,2025-08-24,97,98.28719968418596
SKU0083,2025-08-24,169,156.60238226738193
SKU0084,2025-08-24,90,91.19434914243375
SKU0085,2025-08-24,0,0.34821162171162184
SKU0086,2025-08-24,18,13.818439093773137
SKU0087,2025-08-24,52,48.76610767856885
SKU0088,2025-08-24,39,35.787761515156824
SKU0089,2025-08-24,194,178.14526964602382
SKU0090,2025-08-24,125,143.180105419345
SKU0091,2025-08-24,0,0.5109744026245291
SKU0092,2025-08-24,133,131.18090511645312
SKU0093,2025-08-24,172,168.98461672139308
SKU0094,2025-08-24,180,177.06080586070445
SKU0095,2025-08-24,117,150.12715051759577
SKU0096,2025-08-24,86,86.35152150662687
SKU0097,2025-08-24,306,304.9100700013519
SKU0098,2025-08-24,46,55.17745033107443
SKU0099,2025-08-24,460,434.68879416662537
SKU0100,2025-08-24,94,107.29756246956951
SKU0101,2025-08-24,191,204.48891733291705
SKU0102,2025-08-24,33,45.501687703646105
SKU0103,2025-08-24,0,0.11976755574151936
SKU0104,2025-08-24,34,40.334292100922866
SKU0105,2025-08-24,190,218.01488550255934
SKU0106,2025-08-24,0,0.4883582919561843
SKU0107,2025-08-24,0,0.3678410215537688
SKU0108,2025-08-24,53,43.63237447649918
SKU0109,2025-08-24,89,97.89874374649902
SKU0110,2025-08-24,26,28.10262278410498
SKU0111,2025-08-24,175,194.30376631250013
SKU0112,2025-08-24,206,207.4405813364391
SKU0113,2025-08-24,113,125.60367436712845
SKU0114,2025-08-24,165,144.3630680474265
SKU0115,2025-08-24,279,272.42739420654385
SKU0116,2025-08-24,47,42.424149768515505
SKU0117,2025-08-24,100,110.18636066451003
SKU0118,2025-08-24,81,78.35701043671122
SKU0119,2025-08-24,158,170.01386186185925
SKU0120,2025-08-24,276,242.56103472292216
SKU0121,2025-08-24,192,188.61741756330798
SKU0122,2025-08-24,67,80.25004865907835
SKU0123,2025-08-24,348,372.0859315428415
SKU0124,2025-08-24,165,162.46338732065252
SKU0125,2025-08-24,140,144.7949557658213
SKU0126,2025-08-24,127,142.93708059606917
SKU0127,2025-08-24,166,157.48100067383712
SKU0128,2025-08-24,126,105.56625748381308
SKU0129,2025-08-24,52,49.48897178697964
SKU0130,2025-08-24,146,155.6659701981829
SKU0131,2025-08-24,68,65.25326148689095
SKU0132,2025-08-24,121,140.25139949626708
SKU0133,2025-08-24,125,127.59446532718923
SKU0134,2025-08-24,63,85.75688816014487
SKU0135,2025-08-24,53,65.49533588063112
SKU0136,2025-08-24,143,126.93221554933228
SKU0137,2025-08-24,51,71.30617677527894
SKU0138,2025-08-24,106,101.14726704597035
SKU0139,2025-08-24,229,242.6954768697239
SKU0140,2025-08-24,268,275.70259098127616
SKU0141,2025-08-24,62,77.39495191673555
SKU0142,2025-08-24,87,89.40512042197311
SKU0143,2025-08-24,163,167.9487935611355
SKU0144,2025-08-24,287,282.3993438772958
SKU0145,2025-08-24,60,77.56397687020062
SKU0146,2025-08-24,61,71.77368809186248
SKU0147,2025-08-24,118,114.42948408432525
SKU0148,2025-08-24,239,257.6575214860605
SKU0149,2025-08-24,176,190.89318617492768
SKU0150,2025-08-24,95,113.00858555241528
SKU0151,2025-08-24,372,381.71634729744517
SKU0152,2025-08-24,1,0.14002531493192288
SKU0153,2025-08-24,163,170.72133782072603
SKU0154,2025-08-24,31,33.64603550539224
SKU0155,2025-08-24,126,129.24360216772197
SKU0156,2025-08-24,140,149.7697225627713
SKU0157,2025-08-24,19,23.318284851405505
SKU0158,2025-08-24,86,90.02421244659809
SKU0159,2025-08-24,136,160.8271872800926
SKU0160,2025-08-24,53,85.64063463120812
SKU0161,2025-08-24,196,199.91070009240855
SKU0162,2025-08-24,102,96.89352930888201
SKU0163,2025-08-24,159,174.85296216723364
SKU0164,2025-08-24,0,0.6628342649563236
SKU0165,2025-08-24,134,146.4465561478047
SKU0166,2025-08-24,28,28.743952369155096
SKU0167,2025-08-24,180,184.6736825310897
SKU0168,2025-08-24,331,372.66537306614424
SKU0169,2025-08-24,409,411.0339572179084
SKU0170,2025-08-24,63,79.50535917532386
SKU0171,2025-08-24,123,128.44889019158168
SKU0172,2025-08-24,93,103.44468217964669
SKU0173,2025-08-24,232,243.44508843838364
SKU0174,2025-08-24,6,13.50054948405279
SKU0175,2025-08-24,270,301.2688278953515
SKU0176,2025-08-24,25,21.204089669904484
SKU0177,2025-08-24,59,55.510409253044415
SKU0178,2025-08-24,196,218.0687903677247
SKU0179,2025-08-24,0,0.6873143248440364
SKU0180,2025-08-24,125,133.48231829136887
SKU0181,2025-08-24,425,437.8477187075789
SKU0182,2025-08-24,479,489.44020989974075
SKU0183,2025-08-24,169,179.04074423985938
SKU0184,2025-08-24,16,14.52847114956993
SKU0185,2025-08-24,109,116.15768050807283
SKU0186,2025-08-24,76,70.06604614204699
SKU0187,2025-08-24,128,135.42837970995217
SKU0188,2025-08-24,0,0.31091335398138925
SKU0189,2025-08-24,54,61.86564149810456
SKU0190,2025-08-24,188,177.33177120746208
SKU0191,2025-08-24,1,0.15915277757223073
SKU0192,2025-08-24,24,24.3240423199007
SKU0193,2025-08-24,84,87.1647657519895
SKU0194,2025-08-24,0,0.5083583411931382
SKU0195,2025-08-24,15,24.076798160779003
SKU0196,2025-08-24,29,28.114156118986976
SKU0197,2025-08-24,96,90.74177547742276
SKU0198,2025-08-24,14,23.276012423876935
SKU0199,2025-08-24,141,156.35509270294472
SKU0200,2025-08-24,158,154.86125962499656
SKU0001,2025-08-31,178,184.99765595419726
SKU0002,2025-08-31,395,371.76191420040976
SKU0003,2025-08-31,98,110.61837997310796
SKU0004,2025-08-31,69,81.02882016728611
SKU0005,2025-08-31,34,33.317081055602024
SKU0006,2025-08-31,154,150.7056560193253
SKU0007,2025-08-31,124,128.29722714103028
SKU0008,2025-08-31,139,143.9712689187429
SKU0009,2025-08-31,118,121.58299035807437
SKU0010,2025-08-31,176,187.20063049310392
SKU0011,2025-08-31,28,42.32334981003553
SKU0012,2025-08-31,26,23.1333359634021
SKU0013,2025-08-31,175,180.8587288966415
SKU0014,2025-08-31,19,20.046757169057184
SKU0015,2025-08-31,129,146.09515797836056
SKU0016,2025-08-31,116,114.5901272530152
SKU0017,2025-08-31,69,70.36746721294381
SKU0018,2025-08-31,349,379.1405426565502
SKU0019,2025-08-31,169,187.10218350240336
SKU0020,2025-08-31,110,113.96899918244736
SKU0021,2025-08-31,103,135.91057552585195
SKU0022,2025-08-31,297,300.3382391708777
SKU0023,2025-08-31,80,79.23629296835432
SKU0024,2025-08-31,105,127.53372778750403
SKU0025,2025-08-31,37,48.04369585751194
SKU0026,2025-08-31,48,47.04897846471654
SKU0027,2025-08-31,111,111.61360834078205
SKU0028,2025-08-31,112,123.87678069510385
SKU0029,2025-08-31,64,57.33796324768406
SKU0030,2025-08-31,63,59.07169471391907
SKU0031,2025-08-31,395,386.416455321676
SKU0032,2025-08-31,66,77.20002821993636
SKU0033,2025-08-31,203,199.06382527232893
SKU0034,2025-08-31,1,0.3990783520219725
SKU0035,2025-08-31,285,269.97749805748714
SKU0036,2025-08-31,0,0.12421045449043465
SKU0037,2025-08-31,89,87.97580333742604
SKU0038,2025-08-31,38,43.57525463576118
SKU0039,2025-08-31,424,408.22524269555055
SKU0040,2025-08-31,165,148.28015548462147
SKU0041,2025-08-31,10,15.245518532430124
SKU0042,2025-08-31,98,103.0980603299051
SKU0043,2025-08-31,1,0.15915277757223073
SKU0044,2025-08-31,41,51.56202225767055
SKU0045,2025-08-31,76,66.14486074672274
SKU0046,2025-08-31,28,37.87902635807735
SKU0047,2025-08-31,91,91.46550986029735
SKU0048,2025-08-31,83,100.58192644536567
SKU0049,2025-08-31,0,0.40519496056405463
SKU0050,2025-08-31,291,311.1985248514681
SKU0051,2025-08-31,6,11.164481211233975
SKU0052,2025-08-31,32,45.695331551251755
SKU0053,2025-08-31,62,78.92947942581145
SKU0054,2025-08-31,0,0.3914722367240491
SKU0055,2025-08-31,167,212.6865313721872
SKU0056,2025-08-31,67,69.74722322106264
SKU0057,2025-08-31,123,163.35062168176543
SKU0058,2025-08-31,181,162.39297905916746
SKU0059,2025-08-31,0,0.17540823065823066
SKU0060,2025-08-31,265,276.53348722497066
SKU0061,2025-08-31,13,15.89708665920778
SKU0062,2025-08-31,113,118.01588076239628
SKU0063,2025-08-31,1,0.5086700304391115
SKU0064,2025-08-31,76,72.62600598727582
SKU0065,2025-08-31,109,110.20174923505236
SKU0066,2025-08-31,162,153.3121505335178
SKU0067,2025-08-31,63,66.1958495466688
SKU0068,2025-08-31,5,9.860578515233758
SKU0069,2025-08-31,42,48.80463373409397
SKU0070,2025-08-31,55,56.57264332024266
SKU0071,2025-08-31,243,275.4633305925728
SKU0072,2025-08-31,59,75.02930282258981
SKU0073,2025-08-31,296,309.4145648611998
SKU0074,2025-08-31,135,147.04985284961413
SKU0075,2025-08-31,2,0.335499683479587
SKU0076,2025-08-31,23,33.17008257070528
SKU0077,2025-08-31,44,55.3963531215807
SKU0078,2025-08-31,105,111.80001997568195
SKU0079,2025-08-31,112,120.5141576438628
SKU0080,2025-08-31,0,0.17540823065823066
SKU0081,2025-08-31,30,42.92915528741615
SKU0082,2025-08-31,78,100.45324635029466
SKU0083,2025-08-31,163,171.062567666068
SKU0084,2025-08-31,67,89.92214247174289
SKU0085,2025-08-31,1,0.17540823065823066
SKU0086,2025-08-31,11,15.496100568876127
SKU0087,2025-08-31,41,48.97699122122367
SKU0088,2025-08-31,21,36.5988054112072
SKU0089,2025-08-31,147,185.2192133400431
SKU0090,2025-08-31,125,135.03371585792803
SKU0091,2025-08-31,0,0.4172922417280078
SKU0092,2025-08-31,116,129.3638967138253
SKU0093,2025-08-31,180,168.5237729894083
SKU0094,2025-08-31,177,186.52540738817723
SKU0095,2025-08-31,135,139.16936169951632
SKU0096,2025-08-31,82,84.74859546202647
SKU0097,2025-08-31,274,308.10823185080295
SKU0098,2025-08-31,45,53.7446853854151
SKU0099,2025-08-31,429,439.9255617456908
SKU0100,2025-08-31,100,101.5980626329941
SKU0101,2025-08-31,220,200.00050334872878
SKU0102,2025-08-31,39,36.18340016744884
SKU0103,2025-08-31,0,0.11471639591096204
SKU0104,2025-08-31,44,42.166497014080434
SKU0105,2025-08-31,203,216.43773854225682
SKU0106,2025-08-31,1,0.42885488685688705
SKU0107,2025-08-31,0,0.33379889542877494
SKU0108,2025-08-31,43,40.59913722313388
SKU0109,2025-08-31,103,92.88922348331086
SKU0110,2025-08-31,29,28.368497667075154
SKU0111,2025-08-31,156,186.48187079124736
SKU0112,2025-08-31,191,194.28297026582774
SKU0113,2025-08-31,93,116.93988627989715
SKU0114,2025-08-31,146,152.6769483822042
SKU0115,2025-08-31,241,261.3051294242677
SKU0116,2025-08-31,44,44.44078126974623
SKU0117,2025-08-31,105,106.7876946125275
SKU0118,2025-08-31,83,78.79644059032948
SKU0119,2025-08-31,130,157.92828336691687
SKU0120,2025-08-31,227,253.24650490933809
SKU0121,2025-08-31,187,194.49823510839136
SKU0122,2025-08-31,64,86.84559078760009
SKU0123,2025-08-31,347,332.8790476727608
SKU0124,2025-08-31,170,167.9344970778258
SKU0125,2025-08-31,142,142.2342125690103
SKU0126,2025-08-31,136,135.53092624168534
SKU0127,2025-08-31,167,161.86357331602022
SKU0128,2025-08-31,109,112.86557101583685
SKU0129,2025-08-31,44,49.98114257791794
SKU0130,2025-08-31,140,147.68357280935422
SKU0131,2025-08-31,49,64.58525594397265
SKU0132,2025-08-31,129,128.17763950331778
SKU0133,2025-08-31,117,128.01474316737983
SKU0134,2025-08-31,71,90.56672492784996
SKU0135,2025-08-31,67,61.67431828393138
SKU0136,2025-08-31,118,129.21544614410078
SKU0137,2025-08-31,61,63.09305874574049
SKU0138,2025-08-31,91,100.6770878486188
SKU0139,2025-08-31,255,231.86367839410016
SKU0140,2025-08-31,271,276.76520831162014
SKU0141,2025-08-31,63,78.69764952976476
SKU0142,2025-08-31,77,91.35936808039607
SKU0143,2025-08-31,195,164.03754500272342
SKU0144,2025-08-31,280,275.8035065546676
SKU0145,2025-08-31,70,73.46147020343238
SKU0146,2025-08-31,62,64.61147067557494
SKU0147,2025-08-31,118,113.38496188129949
SKU0148,2025-08-31,216,237.48292474444875
SKU0149,2025-08-31,185,177.05504520096457
SKU0150,2025-08-31,114,107.94886453486352
SKU0151,2025-08-31,373,381.29096015606615
SKU0152,2025-08-31,0,0.20495917700631672
SKU0153,2025-08-31,175,171.60852897605477
SKU0154,2025-08-31,28,34.44030914593455
SKU0155,2025-08-31,150,132.01473958350837
SKU0156,2025-08-31,129,144.50587869963283
SKU0157,2025-08-31,21,23.5283588761695
SKU0158,2025-08-31,83,87.44321248010037
SKU0159,2025-08-31,172,160.97357636222642
SKU0160,2025-08-31,71,81.01653810636196
SKU0161,2025-08-31,185,210.6965090454196
SKU0162,2025-08-31,86,96.93519133527747
SKU0163,2025-08-31,205,171.57581958387513
SKU0164,2025-08-31,0,0.3375996912704508
SKU0165,2025-08-31,141,145.06644191954777
SKU0166,2025-08-31,26,28.636461403861176
SKU0167,2025-08-31,167,182.0321208828935
SKU0168,2025-08-31,357,330.3344290057492
SKU0169,2025-08-31,399,404.5537083984223
SKU0170,2025-08-31,68,74.50247729607864
SKU0171,2025-08-31,106,127.44356197763902
SKU0172,2025-08-31,105,95.32529219797264
SKU0173,2025-08-31,217,236.78567364749156
SKU0174,2025-08-31,15,13.442937563306096
SKU0175,2025-08-31,269,295.26652125946475
SKU0176,2025-08-31,21,21.364812423174257
SKU0177,2025-08-31,50,53.874926951176406
SKU0178,2025-08-31,214,202.01791311470024
SKU0179,2025-08-31,0,0.4806023968737915
SKU0180,2025-08-31,117,131.48765243329356
SKU0181,2025-08-31,422,426.58223510546503
SKU0182,2025-08-31,442,480.1750680693229
SKU0183,2025-08-31,161,168.4606211721877
SKU0184,2025-08-31,15,16.312762910433886
SKU0185,2025-08-31,119,106.9739787850226
SKU0186,2025-08-31,75,74.06847521682118
SKU0187,2025-08-31,134,135.12333612338162
SKU0188,2025-08-31,0,0.3121964409924038
SKU0189,2025-08-31,55,59.29419973445646
SKU0190,2025-08-31,159,183.45207796842558
SKU0191,2025-08-31,0,0.3528646187045819
SKU0192,2025-08-31,24,23.73618893965144
SKU0193,2025-08-31,100,85.0337090581555
SKU0194,2025-08-31,0,0.3779416711362719
SKU0195,2025-08-31,27,21.736296505818572
SKU0196,2025-08-31,29,28.40343765004186
SKU0197,2025-08-31,92,92.30120172525689
SKU0198,2025-08-31,21,20.409061387873543
SKU0199,2025-08-31,147,152.66070097501813
SKU0200,2025-08-31,147,148.55600868509185
SKU0001,2025-09-07,164,175.80545858134272
SKU0002,2025-09-07,356,367.88219016326786
SKU0003,2025-09-07,100,107.56971027569006
SKU0004,2025-09-07,74,74.80404436930208
SKU0005,2025-09-07,37,30.93972766466181
SKU0006,2025-09-07,127,149.71486911118294
SKU0007,2025-09-07,129,126.25079842358399
SKU0008,2025-09-07,131,141.4657892349884
SKU0009,2025-09-07,105,118.01742732653007
SKU0010,2025-09-07,162,172.52593446207862
SKU0011,2025-09-07,40,37.15648799475819
SKU0012,2025-09-07,13,22.92294494861307
SKU0013,2025-09-07,154,162.19161903587158
SKU0014,2025-09-07,28,20.55236198799047
SKU0015,2025-09-07,147,130.3891018356395
SKU0016,2025-09-07,102,111.71035674823744
SKU0017,2025-09-07,50,67.16984128599998
SKU0018,2025-09-07,352,347.9329739015003
SKU0019,2025-09-07,160,177.3243892085047
SKU0020,2025-09-07,117,103.72899592529564
SKU0021,2025-09-07,138,127.79805138084019
SKU0022,2025-09-07,273,306.41417666048795
SKU0023,2025-09-07,74,73.85543379346068
SKU0024,2025-09-07,118,125.2119758371925
SKU0025,2025-09-07,35,42.727880295212316
SKU0026,2025-09-07,48,41.435402316635816
SKU0027,2025-09-07,105,108.06387512692578
SKU0028,2025-09-07,116,119.96612801620672
SKU0029,2025-09-07,49,56.12317402315154
SKU0030,2025-09-07,57,56.526805856449585
SKU0031,2025-09-07,378,389.25929291226254
SKU0032,2025-09-07,89,77.41007733097207
SKU0033,2025-09-07,188,198.32465436095944
SKU0034,2025-09-07,2,0.4805541895440594
SKU0035,2025-09-07,271,282.0344855425634
SKU0036,2025-09-07,0,0.14058576928291566
SKU0037,2025-09-07,71,87.59624236229612
SKU0038,2025-09-07,48,39.75540807660279
SKU0039,2025-09-07,390,406.1189475753996
SKU0040,2025-09-07,138,147.93917670981415
SKU0041,2025-09-07,8,14.4400656336042
SKU0042,2025-09-07,89,103.50426176456716
SKU0043,2025-09-07,1,0.3269606802762573
SKU0044,2025-09-07,50,47.92051010314777
SKU0045,2025-09-07,53,67.68414004411846
SKU0046,2025-09-07,32,42.69039977174861
SKU0047,2025-09-07,78,91.80743325565902
SKU0048,2025-09-07,85,91.75836359335567
SKU0049,2025-09-07,0,0.41995083586467474
SKU0050,2025-09-07,313,319.3690912481294
SKU0051,2025-09-07,12,11.611896055162276
SKU0052,2025-09-07,42,46.785581279249826
SKU0053,2025-09-07,77,79.33983773795413
SKU0054,2025-09-07,0,0.582114254715922
SKU0055,2025-09-07,184,179.3434340272405
SKU0056,2025-09-07,63,66.87198136935693
SKU0057,2025-09-07,155,151.4947374926791
SKU0058,2025-09-07,155,169.185286434158
SKU0059,2025-09-07,0,0.00375
SKU0060,2025-09-07,227,283.72669744318415
SKU0061,2025-09-07,17,20.31331150539981
SKU0062,2025-09-07,124,112.51719117614778
SKU0063,2025-09-07,1,0.34450747365987683
SKU0064,2025-09-07,52,67.2329340804003
SKU0065,2025-09-07,124,104.43385314693217
SKU0066,2025-09-07,169,149.5955589584651
SKU0067,2025-09-07,66,68.3451248356101
SKU0068,2025-09-07,13,10.403677432492595
SKU0069,2025-09-07,35,47.67808358904868
SKU0070,2025-09-07,44,54.55072266709109
SKU0071,2025-09-07,259,246.9557826725271
SKU0072,2025-09-07,62,75.73971815455724
SKU0073,2025-09-07,299,311.8274489376228
SKU0074,2025-09-07,127,138.20146249592557
SKU0075,2025-09-07,0,0.4239070585473342
SKU0076,2025-09-07,34,30.747085128658583
SKU0077,2025-09-07,42,52.851746362428386
SKU0078,2025-09-07,117,117.34177347162417
SKU0079,2025-09-07,119,114.1223466836614
SKU0080,2025-09-07,0,0.00375
SKU0081,2025-09-07,36,42.03250350949621
SKU0082,2025-09-07,81,93.47831578402577
SKU0083,2025-09-07,148,152.42424813672721
SKU0084,2025-09-07,84,80.48587743036967
SKU0085,2025-09-07,0,0.20652574839004076
SKU0086,2025-09-07,14,14.581503174536781
SKU0087,2025-09-07,56,47.740169666769134
SKU0088,2025-09-07,30,34.98904034795736
SKU0089,2025-09-07,135,164.97828144228876
SKU0090,2025-09-07,115,128.83287641228762
SKU0091,2025-09-07,1,0.4201014707910726
SKU0092,2025-09-07,121,122.57609818511779
SKU0093,2025-09-07,164,171.19848451126555
SKU0094,2025-09-07,182,175.45087058309755
SKU0095,2025-09-07,134,133.08755043037974
SKU0096,2025-09-07,86,79.4052152156962
SKU0097,2025-09-07,299,295.60403174332373
SKU0098,2025-09-07,48,52.137201628086565
SKU0099,2025-09-07,420,425.52276099019605
SKU0100,2025-09-07,103,98.58230732726719
SKU0101,2025-09-07,191,203.8902170998786
SKU0102,2025-09-07,40,38.60143369813252
SKU0103,2025-09-07,0,0.1244542180222982
SKU0104,2025-09-07,35,41.10529665916778
SKU0105,2025-09-07,217,202.03193562648315
SKU0106,2025-09-07,1,0.3990864453162277
SKU0107,2025-09-07,1,0.29424376001553026
SKU0108,2025-09-07,36,41.26162909801214
SKU0109,2025-09-07,92,99.49234659667705
SKU0110,2025-09-07,22,27.314855192209226
SKU0111,2025-09-07,181,174.18750562444
SKU0112,2025-09-07,191,192.48881299180036
SKU0113,2025-09-07,111,111.24442723522823
SKU0114,2025-09-07,126,157.63442483142606
SKU0115,2025-09-07,235,262.381731436966
SKU0116,2025-09-07,37,43.78057736233096
SKU0117,2025-09-07,96,106.41320657332298
SKU0118,2025-09-07,64,75.55371508924414
SKU0119,2025-09-07,150,153.76143878066148
SKU0120,2025-09-07,232,235.88719629203268
SKU0121,2025-09-07,177,185.8358621674225
SKU0122,2025-09-07,77,77.26832583016544
SKU0123,2025-09-07,328,336.7364036672774
SKU0124,2025-09-07,143,159.88458445106494
SKU0125,2025-09-07,123,141.16604066527236
SKU0126,2025-09-07,151,131.57486996017676
SKU0127,2025-09-07,122,153.1935280501937
SKU0128,2025-09-07,100,113.02575576075274
SKU0129,2025-09-07,56,47.37749759316313
SKU0130,2025-09-07,129,139.82131077160872
SKU0131,2025-09-07,64,56.82757660849282
SKU0132,2025-09-07,143,130.35100115752894
SKU0133,2025-09-07,145,121.64536099993603
SKU0134,2025-09-07,83,80.99106283913272
SKU0135,2025-09-07,42,60.26455499241356
SKU0136,2025-09-07,122,124.22097542326506
SKU0137,2025-09-07,62,68.64284152810875
SKU0138,2025-09-07,99,95.52926608409544
SKU0139,2025-09-07,272,237.67024646579912
SKU0140,2025-09-07,258,271.069703187504
SKU0141,2025-09-07,73,73.76274483693301
SKU0142,2025-09-07,85,92.20528833306079
SKU0143,2025-09-07,177,178.4750499294438
SKU0144,2025-09-07,225,265.2995547050296
SKU0145,2025-09-07,58,73.32172189536112
SKU0146,2025-09-07,68,65.78761956027007
SKU0147,2025-09-07,91,110.1252707669964
SKU0148,2025-09-07,232,228.7900443831658
SKU0149,2025-09-07,198,182.16939742980333
SKU0150,2025-09-07,116,107.68670412957991
SKU0151,2025-09-07,398,368.45533102503424
SKU0152,2025-09-07,2,0.13379107699391135
SKU0153,2025-09-07,150,157.36067314530678
SKU0154,2025-09-07,26,35.82372354263042
SKU0155,2025-09-07,130,139.23845409853982
SKU0156,2025-09-07,152,136.25922244021683
SKU0157,2025-09-07,20,21.72870995126095
SKU0158,2025-09-07,82,85.98444948137707
SKU0159,2025-09-07,155,160.54771080588708
SKU0160,2025-09-07,74,74.28007881234235
SKU0161,2025-09-07,196,190.82380233955777
SKU0162,2025-09-07,96,92.62095747504245
SKU0163,2025-09-07,168,178.7673359819942
SKU0164,2025-09-07,0,0.2935122361653957
SKU0165,2025-09-07,142,140.1447922011027
SKU0166,2025-09-07,20,28.111540735102857
SKU0167,2025-09-07,182,169.600923848179
SKU0168,2025-09-07,331,341.8201739372794
SKU0169,2025-09-07,365,381.01430115565995
SKU0170,2025-09-07,83,72.3141200136958
SKU0171,2025-09-07,117,120.14195419406255
SKU0172,2025-09-07,87,96.99875917346696
SKU0173,2025-09-07,240,224.00956293894785
SKU0174,2025-09-07,12,13.734827496819156
SKU0175,2025-09-07,283,290.68924058515967
SKU0176,2025-09-07,23,19.562772404899032
SKU0177,2025-09-07,47,50.109237323608596
SKU0178,2025-09-07,208,218.80764470810237
SKU0179,2025-09-07,0,0.41219913044315754
SKU0180,2025-09-07,121,120.79610337669523
SKU0181,2025-09-07,406,409.74304529008646
SKU0182,2025-09-07,444,457.2148587948655
SKU0183,2025-09-07,172,169.27456855858608
SKU0184,2025-09-07,19,16.2836200360275
SKU0185,2025-09-07,113,113.3501092346291
SKU0186,2025-09-07,82,83.06370729747925
SKU0187,2025-09-07,116,129.0203204962135
SKU0188,2025-09-07,0,0.30760824329997966
SKU0189,2025-09-07,56,57.240147989319794
SKU0190,2025-09-07,140,171.19908219507855
SKU0191,2025-09-07,0,0.13436963824210682
SKU0192,2025-09-07,20,24.0278470156318
SKU0193,2025-09-07,85,88.52917054029656
SKU0194,2025-09-07,1,0.30760824329997966
SKU0195,2025-09-07,19,20.468897551482645
SKU0196,2025-09-07,26,28.23561922507781
SKU0197,2025-09-07,90,92.46114253639158
SKU0198,2025-09-07,22,20.27418677597741
SKU0199,2025-09-07,127,148.25890822218363
SKU0200,2025-09-07,152,140.97717883793223
SKU0001,2025-09-14,179,169.9014629255155
SKU0002,2025-09-14,365,344.6881562999713
SKU0003,2025-09-14,113,102.23588162495183
SKU0004,2025-09-14,58,70.73817842789992
SKU0005,2025-09-14,31,29.94053882293128
SKU0006,2025-09-14,138,134.65783648738272
SKU0007,2025-09-14,121,124.85519104340128
SKU0008,2025-09-14,136,134.71263302388112
SKU0009,2025-09-14,112,111.50119219476166
SKU0010,2025-09-14,159,168.08853044185227
SKU0011,2025-09-14,44,37.16536649028624
SKU0012,2025-09-14,16,23.519859582119032
SKU0013,2025-09-14,164,159.703628366714
SKU0014,2025-09-14,25,18.530464407523695
SKU0015,2025-09-14,153,148.04847246061834
SKU0016,2025-09-14,109,115.63132863680381
SKU0017,2025-09-14,66,62.98159111184084
SKU0018,2025-09-14,332,343.96936207353946
SKU0019,2025-09-14,175,168.85453948128247
SKU0020,2025-09-14,108,105.23920133989505
SKU0021,2025-09-14,119,119.44076959541327
SKU0022,2025-09-14,266,292.97324069414594
SKU0023,2025-09-14,70,71.32633032608246
SKU0024,2025-09-14,142,118.86239704923538
SKU0025,2025-09-14,37,43.3756428069701
SKU0026,2025-09-14,40,39.432774302875025
SKU0027,2025-09-14,113,120.93198484967915
SKU0028,2025-09-14,124,124.80040894823092
SKU0029,2025-09-14,47,53.04992113958749
SKU0030,2025-09-14,57,57.047907877751996
SKU0031,2025-09-14,374,376.6152580772559
SKU0032,2025-09-14,79,73.68531560516766
SKU0033,2025-09-14,194,218.2023572668418
SKU0034,2025-09-14,0,0.6023056392793331
SKU0035,2025-09-14,270,265.99481744423474
SKU0036,2025-09-14,0,0.15571186249708802
SKU0037,2025-09-14,98,79.59113393469583
SKU0038,2025-09-14,38,44.423425392487594
SKU0039,2025-09-14,392,386.47449401242557
SKU0040,2025-09-14,121,135.27294975555407
SKU0041,2025-09-14,8,13.975880734074881
SKU0042,2025-09-14,92,91.51493702251751
SKU0043,2025-09-14,0,0.2886719470640836
SKU0044,2025-09-14,45,46.30070345481986
SKU0045,2025-09-14,53,59.67605033791174
SKU0046,2025-09-14,38,37.00167414074457
SKU0047,2025-09-14,94,91.49687452673183
SKU0048,2025-09-14,94,98.46350004118658
SKU0049,2025-09-14,1,0.4122638270702006
SKU0050,2025-09-14,323,290.55800642199387
SKU0051,2025-09-14,13,10.530012634705763
SKU0052,2025-09-14,39,40.36938556227243
SKU0053,2025-09-14,70,74.0806150269314
SKU0054,2025-09-14,0,0.25949979078959196
SKU0055,2025-09-14,187,177.59925606596195
SKU0056,2025-09-14,62,67.71516493976911
SKU0057,2025-09-14,173,161.86061329183713
SKU0058,2025-09-14,169,149.83733997420723
SKU0059,2025-09-14,0,0.00375
SKU0060,2025-09-14,273,256.5896049297809
SKU0061,2025-09-14,14,16.339693830389955
SKU0062,2025-09-14,88,113.3873008776127
SKU0063,2025-09-14,1,0.41401114099952613
SKU0064,2025-09-14,60,66.39065591696482
SKU0065,2025-09-14,107,108.26778908084432
SKU0066,2025-09-14,140,146.23831531009972
SKU0067,2025-09-14,64,67.09689761115305
SKU0068,2025-09-14,10,9.132530415875564
SKU0069,2025-09-14,57,41.636157523252706
SKU0070,2025-09-14,65,49.49623712218294
SKU0071,2025-09-14,239,253.45159964823216
SKU0072,2025-09-14,66,69.46736959826322
SKU0073,2025-09-14,299,299.28406300194
SKU0074,2025-09-14,136,135.67963659926724
SKU0075,2025-09-14,1,0.4345373085001997
SKU0076,2025-09-14,30,29.050289104730822
SKU0077,2025-09-14,59,49.25550909512938
SKU0078,2025-09-14,97,115.17483815099439
SKU0079,2025-09-14,108,120.31116403459991
SKU0080,2025-09-14,0,0.00375
SKU0081,2025-09-14,41,37.946982351937564
SKU0082,2025-09-14,89,93.58973259575203
SKU0083,2025-09-14,155,150.5038163150679
SKU0084,2025-09-14,88,81.78942357909783
SKU0085,2025-09-14,0,0.13473418847361276
SKU0086,2025-09-14,15,16.43121022682257
SKU0087,2025-09-14,38,45.11709962382588
SKU0088,2025-09-14,39,35.38791354673197
SKU0089,2025-09-14,155,162.20127926538294
SKU0090,2025-09-14,146,125.68747563301324
SKU0091,2025-09-14,0,0.4441344324460107
SKU0092,2025-09-14,114,128.675031384169
SKU0093,2025-09-14,142,162.08292474540656
SKU0094,2025-09-14,159,175.6007422563256
SKU0095,2025-09-14,153,130.40798979385238
SKU0096,2025-09-14,71,75.57082214769981
SKU0097,2025-09-14,307,292.5569294708898
SKU0098,2025-09-14,51,50.38548530128502
SKU0099,2025-09-14,382,413.0310830324663
SKU0100,2025-09-14,93,98.22271737049412
SKU0101,2025-09-14,221,193.10596476003008
SKU0102,2025-09-14,27,36.336622387679256
SKU0103,2025-09-14,2,0.14844665911262575
SKU0104,2025-09-14,38,36.40201453404779
SKU0105,2025-09-14,221,194.05921985036767
SKU0106,2025-09-14,0,0.4358598391665176
SKU0107,2025-09-14,0,0.35620655829560827
SKU0108,2025-09-14,45,36.26310360125249
SKU0109,2025-09-14,94,88.52908745641491
SKU0110,2025-09-14,20,27.34459740104309
SKU0111,2025-09-14,187,185.8705828345743
SKU0112,2025-09-14,166,186.3622288407059
SKU0113,2025-09-14,94,102.9095170928041
SKU0114,2025-09-14,138,130.02020749913848
SKU0115,2025-09-14,258,259.9399027213638
SKU0116,2025-09-14,37,42.52823095937281
SKU0117,2025-09-14,112,101.40919680620499
SKU0118,2025-09-14,64,72.58044319965144
SKU0119,2025-09-14,142,150.16171997867332
SKU0120,2025-09-14,217,223.8087855081737
SKU0121,2025-09-14,192,211.55880719514272
SKU0122,2025-09-14,66,70.68876922894347
SKU0123,2025-09-14,334,327.60911051110907
SKU0124,2025-09-14,154,161.4089596169406
SKU0125,2025-09-14,133,127.46102170036815
SKU0126,2025-09-14,122,138.1214660412979
SKU0127,2025-09-14,152,140.1066985765137
SKU0128,2025-09-14,109,100.14364375802514
SKU0129,2025-09-14,57,47.59981020973617
SKU0130,2025-09-14,128,131.5018841654635
SKU0131,2025-09-14,61,59.27516932437259
SKU0132,2025-09-14,134,125.33739520435277
SKU0133,2025-09-14,124,128.19101775322372
SKU0134,2025-09-14,81,78.36559138347506
SKU0135,2025-09-14,51,51.838846550253976
SKU0136,2025-09-14,124,122.85995044872371
SKU0137,2025-09-14,63,65.36540654592072
SKU0138,2025-09-14,86,97.26488200173166
SKU0139,2025-09-14,206,254.86461764727335
SKU0140,2025-09-14,266,276.3296588126213
SKU0141,2025-09-14,71,70.7264359433743
SKU0142,2025-09-14,70,89.46229562378099
SKU0143,2025-09-14,130,176.44306937086026
SKU0144,2025-09-14,274,257.4387895718831
SKU0145,2025-09-14,67,70.03158752452518
SKU0146,2025-09-14,70,63.719517131654605
SKU0147,2025-09-14,104,102.13042113309314
SKU0148,2025-09-14,205,218.1247853692738
SKU0149,2025-09-14,170,204.57214656408306
SKU0150,2025-09-14,110,105.89899164747757
SKU0151,2025-09-14,354,362.88274791085854
SKU0152,2025-09-14,1,0.3158621998534332
SKU0153,2025-09-14,174,160.2266550927902
SKU0154,2025-09-14,29,29.70612432573207
SKU0155,2025-09-14,126,129.35032135128355
SKU0156,2025-09-14,123,139.42449508495693
SKU0157,2025-09-14,19,21.220522982449637
SKU0158,2025-09-14,96,89.08278309281066
SKU0159,2025-09-14,153,151.10624037229394
SKU0160,2025-09-14,68,73.65973261510051
SKU0161,2025-09-14,193,187.9193107303632
SKU0162,2025-09-14,72,89.61719426247926
SKU0163,2025-09-14,159,164.18200347542813
SKU0164,2025-09-14,0,0.26071765095899396
SKU0165,2025-09-14,132,134.09717498046984
SKU0166,2025-09-14,19,25.902451375083906
SKU0167,2025-09-14,146,173.06944230515245
SKU0168,2025-09-14,353,326.59294206303866
SKU0169,2025-09-14,339,376.31530822510996
SKU0170,2025-09-14,64,76.28567058268096
SKU0171,2025-09-14,107,117.79025606475642
SKU0172,2025-09-14,107,92.91572063693098
SKU0173,2025-09-14,199,228.44355013937803
SKU0174,2025-09-14,11,11.660366126469807
SKU0175,2025-09-14,276,282.21639018063246
SKU0176,2025-09-14,18,19.95571136123627
SKU0177,2025-09-14,47,47.60529919326566
SKU0178,2025-09-14,195,206.18796020851303
SKU0179,2025-09-14,1,0.3046097264814271
SKU0180,2025-09-14,107,122.93025539949764
SKU0181,2025-09-14,408,391.4291903926746
SKU0182,2025-09-14,448,422.8394586956888
SKU0183,2025-09-14,172,168.0976144014013
SKU0184,2025-09-14,18,16.756750157877274
SKU0185,2025-09-14,103,99.98146661159122
SKU0186,2025-09-14,58,65.40016178008239
SKU0187,2025-09-14,116,122.7918145830145
SKU0188,2025-09-14,1,0.32469925499341046
SKU0189,2025-09-14,50,57.84883133593487
SKU0190,2025-09-14,162,159.50239320511244
SKU0191,2025-09-14,0,0.13866311975802298
SKU0192,2025-09-14,24,20.448716441993554
SKU0193,2025-09-14,82,80.26991646164751
SKU0194,2025-09-14,0,0.33058429058721117
SKU0195,2025-09-14,18,19.07331567432219
SKU0196,2025-09-14,18,28.0693690791393
SKU0197,2025-09-14,94,87.83035220832373
SKU0198,2025-09-14,13,20.152294496662698
SKU0199,2025-09-14,136,143.48874006920462
SKU0200,2025-09-14,123,141.13856664122494
SKU0001,2025-09-21,154,177.70468905815946
SKU0002,2025-09-21,356,379.41231183443654
SKU0003,2025-09-21,101,103.14192856406214
SKU0004,2025-09-21,62,71.14880776723155
SKU0005,2025-09-21,28,28.45552921945552
SKU0006,2025-09-21,137,144.0284466407855
SKU0007,2025-09-21,120,120.75959055589674
SKU0008,2025-09-21,133,129.4322987508614
SKU0009,2025-09-21,95,124.0176285560253
SKU0010,2025-09-21,166,166.5460666982639
SKU0011,2025-09-21,43,35.55121901265264
SKU0012,2025-09-21,19,20.66766208978062
SKU0013,2025-09-21,162,161.90477189093343
SKU0014,2025-09-21,20,19.582516684610052
SKU0015,2025-09-21,113,148.01895987599005
SKU0016,2025-09-21,94,104.45672683192284
SKU0017,2025-09-21,68,66.07214609861443
SKU0018,2025-09-21,324,343.38907511165206
SKU0019,2025-09-21,175,166.4488466733644
SKU0020,2025-09-21,95,102.37177536445569
SKU0021,2025-09-21,127,116.66908817944652
SKU0022,2025-09-21,268,288.58746792997727
SKU0023,2025-09-21,73,71.30039960868682
SKU0024,2025-09-21,121,123.50592728446809
SKU0025,2025-09-21,37,40.86718648518597
SKU0026,2025-09-21,55,39.60683636446281
SKU0027,2025-09-21,109,102.85207526512282
SKU0028,2025-09-21,128,114.78330911451415
SKU0029,2025-09-21,34,51.62102460952085
SKU0030,2025-09-21,56,57.27608342639219
SKU0031,2025-09-21,399,379.3885886056254
SKU0032,2025-09-21,72,72.60867994960672
SKU0033,2025-09-21,199,194.21077050697633
SKU0034,2025-09-21,0,0.4982875509382022
SKU0035,2025-09-21,250,260.5482304333432
SKU0036,2025-09-21,0,0.14058576928291566
SKU0037,2025-09-21,79,90.45167929927722
SKU0038,2025-09-21,52,39.45369143423531
SKU0039,2025-09-21,422,381.4477265975043
SKU0040,2025-09-21,133,134.28526874422312
SKU0041,2025-09-21,13,12.474217657173506
SKU0042,2025-09-21,93,91.18316210884751
SKU0043,2025-09-21,0,0.3078930682887433
SKU0044,2025-09-21,51,46.732517340928396
SKU0045,2025-09-21,45,57.9175536608493
SKU0046,2025-09-21,45,33.62359735713577
SKU0047,2025-09-21,82,88.76157397121153
SKU0048,2025-09-21,99,93.74042580529633
SKU0049,2025-09-21,0,0.4640371843058999
SKU0050,2025-09-21,349,318.3458404284385
SKU0051,2025-09-21,3,11.943936953051558
SKU0052,2025-09-21,46,40.54507422203571
SKU0053,2025-09-21,69,73.9606410067368
SKU0054,2025-09-21,1,0.23297507268070355
SKU0055,2025-09-21,167,177.44454304999664
SKU0056,2025-09-21,67,65.78894001395294
SKU0057,2025-09-21,199,148.66310065228004
SKU0058,2025-09-21,149,158.1464632885214
SKU0059,2025-09-21,2,0.00375
SKU0060,2025-09-21,251,260.02681599775445
SKU0061,2025-09-21,8,16.587986844036344
SKU0062,2025-09-21,104,108.50445682848826
SKU0063,2025-09-21,0,0.3201846168628945
SKU0064,2025-09-21,61,68.81970989686135
SKU0065,2025-09-21,93,101.76492474665727
SKU0066,2025-09-21,119,140.62104317700425
SKU0067,2025-09-21,60,64.1468906006098
SKU0068,2025-09-21,9,9.25870801042176
SKU0069,2025-09-21,49,44.84308546944892
SKU0070,2025-09-21,42,51.1689134262206
SKU0071,2025-09-21,245,259.57311543476453
SKU0072,2025-09-21,61,67.84947032827691
SKU0073,2025-09-21,305,297.70594715765145
SKU0074,2025-09-21,145,132.9490509795368
SKU0075,2025-09-21,0,0.38737462492361563
SKU0076,2025-09-21,28,26.80561157656064
SKU0077,2025-09-21,56,48.26990479706643
SKU0078,2025-09-21,92,100.47017564689166
SKU0079,2025-09-21,97,109.30847073555127
SKU0080,2025-09-21,0,0.00375
SKU0081,2025-09-21,27,39.60292459333546
SKU0082,2025-09-21,89,95.60859961743733
SKU0083,2025-09-21,136,151.54329895344893
SKU0084,2025-09-21,76,79.44671653850851
SKU0085,2025-09-21,0,0.12573714245870973
SKU0086,2025-09-21,8,13.087018865009458
SKU0087,2025-09-21,46,42.87751359118025
SKU0088,2025-09-21,33,35.06982465342471
SKU0089,2025-09-21,161,161.1725137961679
SKU0090,2025-09-21,144,127.87706489365324
SKU0091,2025-09-21,1,0.4401430155083952
SKU0092,2025-09-21,116,114.62945717460656
SKU0093,2025-09-21,146,158.6720563391573
SKU0094,2025-09-21,168,172.95717544292597
SKU0095,2025-09-21,125,130.03145199613638
SKU0096,2025-09-21,77,75.18926238950918
SKU0097,2025-09-21,279,284.41202445160377
SKU0098,2025-09-21,34,48.81691397927291
SKU0099,2025-09-21,427,384.4554763817798
SKU0100,2025-09-21,100,101.37639653384542
SKU0101,2025-09-21,185,189.38746632472353
SKU0102,2025-09-21,38,32.09538224909861
SKU0103,2025-09-21,0,0.5614487007626204
SKU0104,2025-09-21,43,36.371141897874196
SKU0105,2025-09-21,191,201.11011264902496
SKU0106,2025-09-21,0,0.4438328985420113
SKU0107,2025-09-21,1,0.13436963824210682
SKU0108,2025-09-21,51,38.605978823538095
SKU0109,2025-09-21,92,89.1002113706185
SKU0110,2025-09-21,23,25.232984013652054
SKU0111,2025-09-21,176,180.0760039019545
SKU0112,2025-09-21,191,175.05060668347332
SKU0113,2025-09-21,103,103.69845521567066
SKU0114,2025-09-21,131,135.8362930325919
SKU0115,2025-09-21,234,250.604927765457
SKU0116,2025-09-21,45,40.18193340493824
SKU0117,2025-09-21,110,104.39104136089743
SKU0118,2025-09-21,74,73.06187604698326
SKU0119,2025-09-21,160,144.54238709784306
SKU0120,2025-09-21,240,211.8923411763268
SKU0121,2025-09-21,175,186.93181814548964
SKU0122,2025-09-21,67,72.44424194756816
SKU0123,2025-09-21,341,323.12607022637326
SKU0124,2025-09-21,143,152.83411314895767
SKU0125,2025-09-21,127,127.76977957055446
SKU0126,2025-09-21,142,125.434023752012
SKU0127,2025-09-21,132,143.12265956299544
SKU0128,2025-09-21,117,103.23823118845142
SKU0129,2025-09-21,40,46.86026915274771
SKU0130,2025-09-21,143,127.81854784269451
SKU0131,2025-09-21,55,57.87127387236788
SKU0132,2025-09-21,109,123.90147926105283
SKU0133,2025-09-21,122,124.16149786009493
SKU0134,2025-09-21,74,79.52696874083829
SKU0135,2025-09-21,49,56.442703088754335
SKU0136,2025-09-21,140,117.45156245720007
SKU0137,2025-09-21,73,66.37594578943356
SKU0138,2025-09-21,94,90.49921247394923
SKU0139,2025-09-21,225,216.07339618625315
SKU0140,2025-09-21,252,277.4044057141593
SKU0141,2025-09-21,72,68.63457767531365
SKU0142,2025-09-21,66,76.60633352395392
SKU0143,2025-09-21,165,152.56589551626365
SKU0144,2025-09-21,235,260.13274437593964
SKU0145,2025-09-21,62,68.16141206903903
SKU0146,2025-09-21,68,63.451088604510076
SKU0147,2025-09-21,108,99.5536458459082
SKU0148,2025-09-21,213,221.89743217598428
SKU0149,2025-09-21,153,175.70292609375608
SKU0150,2025-09-21,93,100.3420772456302
SKU0151,2025-09-21,376,359.12622646955106
SKU0152,2025-09-21,1,0.44014436905136456
SKU0153,2025-09-21,149,172.1162744564663
SKU0154,2025-09-21,28,28.21765709485143
SKU0155,2025-09-21,114,125.20641323712687
SKU0156,2025-09-21,119,130.2119901335099
SKU0157,2025-09-21,15,19.64875292410038
SKU0158,2025-09-21,73,81.93109377999858
SKU0159,2025-09-21,153,154.92858583970744
SKU0160,2025-09-21,56,67.96619430401783
SKU0161,2025-09-21,187,193.9260833894445
SKU0162,2025-09-21,93,81.57947206940858
SKU0163,2025-09-21,180,153.2173948083058
SKU0164,2025-09-21,0,0.29424376001553026
SKU0165,2025-09-21,121,128.3356162568612
SKU0166,2025-09-21,21,23.450351264075245
SKU0167,2025-09-21,166,162.15129536001885
SKU0168,2025-09-21,291,339.7758569301383
SKU0169,2025-09-21,379,348.3045850044076
SKU0170,2025-09-21,73,67.75465506118971
SKU0171,2025-09-21,120,118.20538548482507
SKU0172,2025-09-21,88,94.37961839686095
SKU0173,2025-09-21,200,225.97270840216905
SKU0174,2025-09-21,12,11.837767085314091
SKU0175,2025-09-21,277,287.3991169014298
SKU0176,2025-09-21,18,20.068604417857333
SKU0177,2025-09-21,34,51.258253107991386
SKU0178,2025-09-21,198,216.64754836726956
SKU0179,2025-09-21,0,0.3269606802762573
SKU0180,2025-09-21,114,117.95783994468202
SKU0181,2025-09-21,394,381.5221724102562
SKU0182,2025-09-21,442,458.94537183555514
SKU0183,2025-09-21,151,161.99914111399028
SKU0184,2025-09-21,11,15.698268688137205
SKU0185,2025-09-21,99,102.51713297945906
SKU0186,2025-09-21,56,69.63251342395797
SKU0187,2025-09-21,127,124.0601755647759
SKU0188,2025-09-21,0,0.33058429058721117
SKU0189,2025-09-21,64,54.47934163586725
SKU0190,2025-09-21,161,160.97915835556984
SKU0191,2025-09-21,0,0.13027452542570428
SKU0192,2025-09-21,29,21.42987857215472
SKU0193,2025-09-21,88,78.25121444908802
SKU0194,2025-09-21,1,0.2806652184080006
SKU0195,2025-09-21,8,19.977381044373743
SKU0196,2025-09-21,25,26.019171010990345
SKU0197,2025-09-21,63,87.53280902540207
SKU0198,2025-09-21,16,17.078176973357174
SKU0199,2025-09-21,120,133.96888442333216
SKU0200,2025-09-21,147,127.97295174114157
SKU0001,2025-09-28,194,165.7905904491863
SKU0002,2025-09-28,340,348.2631999176159
SKU0003,2025-09-28,102,104.03851298551731
SKU0004,2025-09-28,66,68.87526978102558
SKU0005,2025-09-28,34,28.413362997749505
SKU0006,2025-09-28,141,148.2441631493346
SKU0007,2025-09-28,129,116.54407368630787
SKU0008,2025-09-28,112,128.6887473572047
SKU0009,2025-09-28,107,108.93482396657537
SKU0010,2025-09-28,180,168.50958431020499
SKU0011,2025-09-28,33,36.135276467435745
SKU0012,2025-09-28,24,19.965159308775288
SKU0013,2025-09-28,145,151.23446937809138
SKU0014,2025-09-28,13,19.655666921822913
SKU0015,2025-09-28,141,135.8128275585587
SKU0016,2025-09-28,105,112.35695177370748
SKU0017,2025-09-28,66,64.7034996706077
SKU0018,2025-09-28,322,333.2139268516578
SKU0019,2025-09-28,150,165.1485779758564
SKU0020,2025-09-28,111,97.00748974312285
SKU0021,2025-09-28,110,111.98186730037861
SKU0022,2025-09-28,277,269.6729492986221
SKU0023,2025-09-28,64,69.26162379465009
SKU0024,2025-09-28,117,122.86782103142141
SKU0025,2025-09-28,56,43.185770349991074
SKU0026,2025-09-28,32,43.36947282390526
SKU0027,2025-09-28,93,103.95307455466335
SKU0028,2025-09-28,120,114.93708537311244
SKU0029,2025-09-28,60,46.00462044785318
SKU0030,2025-09-28,52,56.65619916071426
SKU0031,2025-09-28,391,405.41920424507606
SKU0032,2025-09-28,83,69.1582767573811
SKU0033,2025-09-28,197,192.61220512602446
SKU0034,2025-09-28,0,0.45944535567029193
SKU0035,2025-09-28,284,244.31444697452113
SKU0036,2025-09-28,1,0.15571186249708802
SKU0037,2025-09-28,60,79.18384535174039
SKU0038,2025-09-28,40,40.787325643567804
SKU0039,2025-09-28,390,397.0401389410396
SKU0040,2025-09-28,139,126.05218099836092
SKU0041,2025-09-28,11,14.680217176684721
SKU0042,2025-09-28,95,91.1983747431914
SKU0043,2025-09-28,0,0.31030977556513817
SKU0044,2025-09-28,45,44.56562428783582
SKU0045,2025-09-28,53,52.17696328718213
SKU0046,2025-09-28,38,36.576589922589044
SKU0047,2025-09-28,97,85.78970014524806
SKU0048,2025-09-28,93,92.89178362917067
SKU0049,2025-09-28,0,0.3916814663758931
SKU0050,2025-09-28,308,298.8594132212804
SKU0051,2025-09-28,9,10.123316017316021
SKU0052,2025-09-28,46,41.583872077479626
SKU0053,2025-09-28,67,72.68819367686034
SKU0054,2025-09-28,0,0.31046128380998483
SKU0055,2025-09-28,191,166.9734862507125
SKU0056,2025-09-28,57,63.52421404255113
SKU0057,2025-09-28,134,151.62298367320747
SKU0058,2025-09-28,158,150.74439227819204
SKU0059,2025-09-28,1,0.6809483604752011
SKU0060,2025-09-28,243,254.44075528322824
SKU0061,2025-09-28,14,13.870866009853335
SKU0062,2025-09-28,124,101.12989704173293
SKU0063,2025-09-28,0,0.27590285629896644
SKU0064,2025-09-28,57,65.69783997409236
SKU0065,2025-09-28,101,101.1250365508715
SKU0066,2025-09-28,143,147.61970360946208
SKU0067,2025-09-28,54,59.706578311285774
SKU0068,2025-09-28,5,9.054955379294583
SKU0069,2025-09-28,41,41.926310037460745
SKU0070,2025-09-28,53,49.391320546839935
SKU0071,2025-09-28,235,243.42525770596586
SKU0072,2025-09-28,75,65.10169539762951
SKU0073,2025-09-28,320,306.6334461287656
SKU0074,2025-09-28,136,135.8109014589196
SKU0075,2025-09-28,0,0.4245120023221751
SKU0076,2025-09-28,26,27.579678133686613
SKU0077,2025-09-28,47,47.83234532817316
SKU0078,2025-09-28,101,96.36825291972318
SKU0079,2025-09-28,126,108.47995819900098
SKU0080,2025-09-28,0,0.00375
SKU0081,2025-09-28,32,38.906707101800905
SKU0082,2025-09-28,96,94.12445103237889
SKU0083,2025-09-28,144,138.8172558978237
SKU0084,2025-09-28,86,81.15223120660936
SKU0085,2025-09-28,2,0.13283234824692894
SKU0086,2025-09-28,6,11.25238864603605
SKU0087,2025-09-28,27,42.5078193330758
SKU0088,2025-09-28,37,31.559405866344626
SKU0089,2025-09-28,164,163.53910353798358
SKU0090,2025-09-28,127,125.10350812736554
SKU0091,2025-09-28,0,0.4297333348573462
SKU0092,2025-09-28,140,121.03428984192719
SKU0093,2025-09-28,147,158.9653649495997
SKU0094,2025-09-28,174,168.853548598915
SKU0095,2025-09-28,122,128.3620591767048
SKU0096,2025-09-28,70,74.65800918147772
SKU0097,2025-09-28,307,298.47074985494623
SKU0098,2025-09-28,46,46.30345281831274
SKU0099,2025-09-28,385,404.59237314366544
SKU0100,2025-09-28,97,97.01151075134104
SKU0101,2025-09-28,196,185.7073872923843
SKU0102,2025-09-28,26,31.73460753633773
SKU0103,2025-09-28,1,0.41798217230985474
SKU0104,2025-09-28,32,37.12825785134673
SKU0105,2025-09-28,192,223.688594799698
SKU0106,2025-09-28,0,0.4604224178031769
SKU0107,2025-09-28,0,0.28150995953459257
SKU0108,2025-09-28,28,38.82928639167169
SKU0109,2025-09-28,98,90.47965229578523
SKU0110,2025-09-28,28,23.989188865103465
SKU0111,2025-09-28,161,175.9437227730481
SKU0112,2025-09-28,184,179.7173670368301
SKU0113,2025-09-28,93,103.92930957016686
SKU0114,2025-09-28,125,128.3315111182626
SKU0115,2025-09-28,208,232.69082777100036
SKU0116,2025-09-28,46,40.01121481748835
SKU0117,2025-09-28,92,102.32245060266885
SKU0118,2025-09-28,56,73.31509468386488
SKU0119,2025-09-28,151,143.63067459099557
SKU0120,2025-09-28,195,227.86629423144745
SKU0121,2025-09-28,188,173.42946229331994
SKU0122,2025-09-28,74,67.70818461681172
SKU0123,2025-09-28,323,332.6574357594598
SKU0124,2025-09-28,135,151.9514347957122
SKU0125,2025-09-28,127,138.40325908962743
SKU0126,2025-09-28,122,123.57347496199625
SKU0127,2025-09-28,135,154.90608504963288
SKU0128,2025-09-28,98,101.56024774180051
SKU0129,2025-09-28,56,46.186058611849745
SKU0130,2025-09-28,122,131.75690748729198
SKU0131,2025-09-28,56,56.2520166774062
SKU0132,2025-09-28,132,122.584422819229
SKU0133,2025-09-28,116,114.2852745128077
SKU0134,2025-09-28,93,71.84663130763296
SKU0135,2025-09-28,49,54.56761712075212
SKU0136,2025-09-28,105,117.50031529052382
SKU0137,2025-09-28,55,59.52962475532455
SKU0138,2025-09-28,83,91.13341039115
SKU0139,2025-09-28,234,224.7606030369153
SKU0140,2025-09-28,230,250.3859807769134
SKU0141,2025-09-28,82,70.43984667523837
SKU0142,2025-09-28,80,76.86799237603556
SKU0143,2025-09-28,134,169.67550959471092
SKU0144,2025-09-28,234,256.8067462081755
SKU0145,2025-09-28,57,67.26180075914118
SKU0146,2025-09-28,54,61.27978614193175
SKU0147,2025-09-28,77,99.89758782060606
SKU0148,2025-09-28,218,204.27279108835356
SKU0149,2025-09-28,163,167.21918421807342
SKU0150,2025-09-28,96,102.46161137760095
SKU0151,2025-09-28,348,357.62738705556956
SKU0152,2025-09-28,0,0.4180362421457081
SKU0153,2025-09-28,132,153.29544208283355
SKU0154,2025-09-28,38,27.954423051427085
SKU0155,2025-09-28,111,117.12946541006973
SKU0156,2025-09-28,134,124.92050980854843
SKU0157,2025-09-28,11,19.791904604520383
SKU0158,2025-09-28,80,78.74279679493304
SKU0159,2025-09-28,155,145.4650676511923
SKU0160,2025-09-28,74,69.2099622618867
SKU0161,2025-09-28,192,185.64151774965146
SKU0162,2025-09-28,91,91.25793398297589
SKU0163,2025-09-28,160,169.41494249531715
SKU0164,2025-09-28,0,0.29424376001553026
SKU0165,2025-09-28,117,125.6602152149021
SKU0166,2025-09-28,14,22.62076783523662
SKU0167,2025-09-28,160,165.11761724599614
SKU0168,2025-09-28,345,317.1858395951541
SKU0169,2025-09-28,384,368.40187026092207
SKU0170,2025-09-28,73,70.94053488582009
SKU0171,2025-09-28,101,120.77472263459083
SKU0172,2025-09-28,90,96.85498419192125
SKU0173,2025-09-28,225,217.0350519370973
SKU0174,2025-09-28,11,11.773981726719018
SKU0175,2025-09-28,254,269.4968214457572
SKU0176,2025-09-28,17,19.977939394239087
SKU0177,2025-09-28,45,43.87236458662842
SKU0178,2025-09-28,208,214.60950489221227
SKU0179,2025-09-28,0,0.2480381679927393
SKU0180,2025-09-28,135,128.1412985224397
SKU0181,2025-09-28,430,408.45060574536234
SKU0182,2025-09-28,478,432.9318235481597
SKU0183,2025-09-28,181,165.63262687694004
SKU0184,2025-09-28,20,13.849659194430266
SKU0185,2025-09-28,98,104.17882974568687
SKU0186,2025-09-28,77,70.37566266795562
SKU0187,2025-09-28,124,123.69488513624741
SKU0188,2025-09-28,0,0.2806652184080006
SKU0189,2025-09-28,43,55.467889889102
SKU0190,2025-09-28,160,155.7300474899843
SKU0191,2025-09-28,0,0.14058576928291566
SKU0192,2025-09-28,15,22.37525078501796
SKU0193,2025-09-28,79,78.51544119009701
SKU0194,2025-09-28,0,0.3874556091002877
SKU0195,2025-09-28,16,18.036846986080207
SKU0196,2025-09-28,25,24.417046657158703
SKU0197,2025-09-28,75,76.87960347258024
SKU0198,2025-09-28,13,18.847280664893873
SKU0199,2025-09-28,131,139.60777177769108
SKU0200,2025-09-28,142,132.4528501743056
SKU0001,2025-10-05,258,265.00100783045315
SKU0002,2025-10-05,506,432.42545039682534
SKU0003,2025-10-05,149,153.83003176144283
SKU0004,2025-10-05,105,95.48815985987703
SKU0005,2025-10-05,45,43.55567284596601
SKU0006,2025-10-05,207,211.72685992630701
SKU0007,2025-10-05,157,185.31771984205403
SKU0008,2025-10-05,206,172.98526785714287
SKU0009,2025-10-05,158,158.82518537018547
SKU0010,2025-10-05,236,222.62611883946164
SKU0011,2025-10-05,52,47.6757575706045
SKU0012,2025-10-05,17,33.00363492063493
SKU0013,2025-10-05,248,239.77692954267965
SKU0014,2025-10-05,27,29.37893885046362
SKU0015,2025-10-05,157,183.3708537634751
SKU0016,2025-10-05,141,160.10138991563997
SKU0017,2025-10-05,70,91.80711904761905
SKU0018,2025-10-05,489,506.0173849206348
SKU0019,2025-10-05,249,250.02107102272723
SKU0020,2025-10-05,117,119.77492054492288
SKU0021,2025-10-05,168,188.07642857142855
SKU0022,2025-10-05,386,431.09258170995685
SKU0023,2025-10-05,100,104.27056263765475
SKU0024,2025-10-05,175,187.74915674603173
SKU0025,2025-10-05,51,67.70687760966736
SKU0026,2025-10-05,53,63.94726984126983
SKU0027,2025-10-05,133,152.4648985335596
SKU0028,2025-10-05,171,132.25203229673167
SKU0029,2025-10-05,64,59.93186182137382
SKU0030,2025-10-05,58,75.82180162661558
SKU0031,2025-10-05,513,535.2245496031746
SKU0032,2025-10-05,96,121.5860713954566
SKU0033,2025-10-05,272,263.8089231044263
SKU0034,2025-10-05,0,0.7204644930134922
SKU0035,2025-10-05,360,363.08065067918176
SKU0036,2025-10-05,0,0.7991970549230889
SKU0037,2025-10-05,129,119.11152274114785
SKU0038,2025-10-05,47,58.67607825202831
SKU0039,2025-10-05,582,589.3974344544346
SKU0040,2025-10-05,194,189.68418821363124
SKU0041,2025-10-05,22,16.92086396212483
SKU0042,2025-10-05,132,123.4622104707563
SKU0043,2025-10-05,1,0.34964361225297375
SKU0044,2025-10-05,63,70.04853536328538
SKU0045,2025-10-05,74,78.23938075222851
SKU0046,2025-10-05,54,50.04132692990512
SKU0047,2025-10-05,91,121.07652222642872
SKU0048,2025-10-05,145,138.2992807439196
SKU0049,2025-10-05,0,0.6479538227691449
SKU0050,2025-10-05,423,442.1436448412699
SKU0051,2025-10-05,19,15.58349071067821
SKU0052,2025-10-05,65,65.6855806442392
SKU0053,2025-10-05,105,92.85408874458881
SKU0054,2025-10-05,3,0.6149848124881339
SKU0055,2025-10-05,231,270.0726120591808
SKU0056,2025-10-05,84,84.00121552024069
SKU0057,2025-10-05,237,228.93118831168835
SKU0058,2025-10-05,200,215.49917858643965
SKU0059,2025-10-05,0,0.7561183023116917
SKU0060,2025-10-05,352,422.1849743867245
SKU0061,2025-10-05,20,21.99249182685743
SKU0062,2025-10-05,151,162.99450915969993
SKU0063,2025-10-05,0,0.7773429414838492
SKU0064,2025-10-05,97,92.23296933621936
SKU0065,2025-10-05,141,157.4859583222009
SKU0066,2025-10-05,211,234.40009307359304
SKU0067,2025-10-05,104,90.57071739955954
SKU0068,2025-10-05,10,12.554422258297263
SKU0069,2025-10-05,52,68.89969463320918
SKU0070,2025-10-05,77,69.52515390794264
SKU0071,2025-10-05,362,369.74032780760894
SKU0072,2025-10-05,96,83.47631065488461
SKU0073,2025-10-05,421,408.9554186507936
SKU0074,2025-10-05,160,197.5866000977527
SKU0075,2025-10-05,0,0.6363423684826965
SKU0076,2025-10-05,40,40.419120546120546
SKU0077,2025-10-05,69,71.91213050169958
SKU0078,2025-10-05,147,159.1894584582085
SKU0079,2025-10-05,156,178.411825036075
SKU0080,2025-10-05,0,0.42006828397757606
SKU0081,2025-10-05,55,57.83082266997708
SKU0082,2025-10-05,121,134.8878214805053
SKU0083,2025-10-05,194,196.03996482421888
SKU0084,2025-10-05,117,107.0749157013375
SKU0085,2025-10-05,1,0.8574195155315657
SKU0086,2025-10-05,21,16.897872023809523
SKU0087,2025-10-05,53,55.04210696248197
SKU0088,2025-10-05,37,46.35833959491323
SKU0089,2025-10-05,209,241.10350004162504
SKU0090,2025-10-05,191,196.8612161822524
SKU0091,2025-10-05,0,0.6107056130020898
SKU0092,2025-10-05,151,184.7524251113219
SKU0093,2025-10-05,229,207.05000251496207
SKU0094,2025-10-05,258,251.5565330086581
SKU0095,2025-10-05,196,195.90898444732971
SKU0096,2025-10-05,91,113.62243279174068
SKU0097,2025-10-05,415,434.6378832972586
SKU0098,2025-10-05,87,69.30231331168834
SKU0099,2025-10-05,509,575.7767389277392
SKU0100,2025-10-05,150,133.6773217534809
SKU0101,2025-10-05,258,263.00800954976205
SKU0102,2025-10-05,47,39.878677335582026
SKU0103,2025-10-05,1,0.6058762571894898
SKU0104,2025-10-05,62,53.760855895557924
SKU0105,2025-10-05,282,331.9040003607505
SKU0106,2025-10-05,0,0.6948112286669539
SKU0107,2025-10-05,1,0.48843419640438773
SKU0108,2025-10-05,56,57.85019426406928
SKU0109,2025-10-05,111,135.9797713730664
SKU0110,2025-10-05,31,35.87303231654943
SKU0111,2025-10-05,229,243.03225009018777
SKU0112,2025-10-05,255,235.72007302986887
SKU0113,2025-10-05,180,145.0526511491382
SKU0114,2025-10-05,184,212.59844048568394
SKU0115,2025-10-05,344,360.4594608585857
SKU0116,2025-10-05,48,62.42018018481301
SKU0117,2025-10-05,121,118.22712282078372
SKU0118,2025-10-05,106,93.01286381673891
SKU0119,2025-10-05,222,188.6538510051674
SKU0120,2025-10-05,304,350.0597581168832
SKU0121,2025-10-05,255,268.93723575877493
SKU0122,2025-10-05,96,105.3717629173469
SKU0123,2025-10-05,468,436.9605099206352
SKU0124,2025-10-05,189,219.97856570136727
SKU0125,2025-10-05,167,188.8608130865653
SKU0126,2025-10-05,161,156.91086019443327
SKU0127,2025-10-05,184,217.81561330863403
SKU0128,2025-10-05,138,144.88640636684633
SKU0129,2025-10-05,73,66.71614944378675
SKU0130,2025-10-05,186,181.43085936147193
SKU0131,2025-10-05,73,84.93764409166934
SKU0132,2025-10-05,191,186.9787140702435
SKU0133,2025-10-05,145,190.2635470779221
SKU0134,2025-10-05,114,115.45516953335556
SKU0135,2025-10-05,72,73.31408603921763
SKU0136,2025-10-05,151,178.56630555555552
SKU0137,2025-10-05,85,92.31126388888892
SKU0138,2025-10-05,140,140.1878855397476
SKU0139,2025-10-05,314,304.90182864357854
SKU0140,2025-10-05,324,355.97561746682436
SKU0141,2025-10-05,97,112.20463039867784
SKU0142,2025-10-05,141,127.76300198412706
SKU0143,2025-10-05,204,241.09489087301583
SKU0144,2025-10-05,375,367.12673859126966
SKU0145,2025-10-05,86,89.57530952380952
SKU0146,2025-10-05,73,92.29458987430704
SKU0147,2025-10-05,147,120.58192729358453
SKU0148,2025-10-05,300,272.95779816017307
SKU0149,2025-10-05,247,249.87276596320356
SKU0150,2025-10-05,139,113.16657179644307
SKU0151,2025-10-05,493,520.7720575396826
SKU0152,2025-10-05,0,0.774188049237665
SKU0153,2025-10-05,219,236.116047979798
SKU0154,2025-10-05,36,47.724202182028485
SKU0155,2025-10-05,173,180.33223067210568
SKU0156,2025-10-05,185,194.98177492605436
SKU0157,2025-10-05,20,30.028336002886007
SKU0158,2025-10-05,112,129.63990395944856
SKU0159,2025-10-05,211,183.218384951074
SKU0160,2025-10-05,98,103.25305966088115
SKU0161,2025-10-05,289,325.0537325036074
SKU0162,2025-10-05,139,135.39557174721412
SKU0163,2025-10-05,225,245.59657747113994
SKU0164,2025-10-05,0,0.6246668626639491
SKU0165,2025-10-05,206,188.620873015873
SKU0166,2025-10-05,37,34.95918650793651
SKU0167,2025-10-05,247,249.97205339105346
SKU0168,2025-10-05,455,516.8589543650793
SKU0169,2025-10-05,495,552.1504067460314
SKU0170,2025-10-05,91,111.82840140706583
SKU0171,2025-10-05,162,155.50181451881454
SKU0172,2025-10-05,122,128.25550037051931
SKU0173,2025-10-05,295,326.1899779248528
SKU0174,2025-10-05,19,14.702029125923291
SKU0175,2025-10-05,346,374.7019476461041
SKU0176,2025-10-05,25,28.514507650467866
SKU0177,2025-10-05,60,70.00543759993761
SKU0178,2025-10-05,307,301.0002851731601
SKU0179,2025-10-05,0,0.5992229970820564
SKU0180,2025-10-05,153,177.60927303382417
SKU0181,2025-10-05,567,592.3110246420248
SKU0182,2025-10-05,634,633.5631042568542
SKU0183,2025-10-05,192,249.17668266572664
SKU0184,2025-10-05,21,24.106779346145203
SKU0185,2025-10-05,146,134.9616335563785
SKU0186,2025-10-05,80,109.69065063795952
SKU0187,2025-10-05,183,151.0377078858375
SKU0188,2025-10-05,0,0.5992229970820564
SKU0189,2025-10-05,82,77.11730194805195
SKU0190,2025-10-05,217,228.91824189372718
SKU0191,2025-10-05,0,0.45795342039283427
SKU0192,2025-10-05,31,36.349845238095234
SKU0193,2025-10-05,109,119.96046407241252
SKU0194,2025-10-05,1,0.7486491642294826
SKU0195,2025-10-05,27,26.286222969510597
SKU0196,2025-10-05,30,37.79651332730038
SKU0197,2025-10-05,139,113.83238183723213
SKU0198,2025-10-05,31,26.627230685480445
SKU0199,2025-10-05,200,209.82699426101496
SKU0200,2025-10-05,169,188.61716023740195
SKU0001,2025-10-12,285,293.35434361471863
SKU0002,2025-10-12,601,567.19049512987
SKU0003,2025-10-12,158,169.93559667239086
SKU0004,2025-10-12,101,105.71566357082236
SKU0005,2025-10-12,41,50.75505593409859
SKU0006,2025-10-12,223,219.983124052912
SKU0007,2025-10-12,189,189.04185587941473
SKU0008,2025-10-12,193,197.97478185157695
SKU0009,2025-10-12,165,185.53427395434198
SKU0010,2025-10-12,268,266.8636257676944
SKU0011,2025-10-12,50,53.923184361383626
SKU0012,2025-10-12,41,35.04687590187589
SKU0013,2025-10-12,248,270.3209099540778
SKU0014,2025-10-12,23,29.400889650968885
SKU0015,2025-10-12,197,191.9107007605958
SKU0016,2025-10-12,147,160.80186969083542
SKU0017,2025-10-12,92,79.3786749260196
SKU0018,2025-10-12,540,554.4717936507935
SKU0019,2025-10-12,234,276.1682128950504
SKU0020,2025-10-12,136,134.771271875443
SKU0021,2025-10-12,180,184.56703095628146
SKU0022,2025-10-12,471,441.593398989899
SKU0023,2025-10-12,105,97.90514586528683
SKU0024,2025-10-12,184,185.56533693577666
SKU0025,2025-10-12,90,70.86542502636252
SKU0026,2025-10-12,68,65.36573053143015
SKU0027,2025-10-12,153,149.0566252270123
SKU0028,2025-10-12,188,197.9499119418163
SKU0029,2025-10-12,84,78.14006991482185
SKU0030,2025-10-12,87,84.24820066564843
SKU0031,2025-10-12,625,573.8980705266954
SKU0032,2025-10-12,102,100.39715873507481
SKU0033,2025-10-12,302,314.71394354256836
SKU0034,2025-10-12,2,0.7905581315373295
SKU0035,2025-10-12,407,426.7045804473306
SKU0036,2025-10-12,1,0.6275393322487969
SKU0037,2025-10-12,130,126.4639483026898
SKU0038,2025-10-12,54,58.85476661969667
SKU0039,2025-10-12,657,630.9552902236652
SKU0040,2025-10-12,232,218.56666966487865
SKU0041,2025-10-12,24,19.769308765914392
SKU0042,2025-10-12,132,147.01389663408844
SKU0043,2025-10-12,1,0.5275548319338424
SKU0044,2025-10-12,77,77.72872222517817
SKU0045,2025-10-12,94,98.4707907647908
SKU0046,2025-10-12,63,65.3818264890817
SKU0047,2025-10-12,139,107.01055099308803
SKU0048,2025-10-12,140,147.06854961991652
SKU0049,2025-10-12,1,0.8113666006141641
SKU0050,2025-10-12,485,459.46161724386724
SKU0051,2025-10-12,19,18.415951982489144
SKU0052,2025-10-12,48,67.47153851342973
SKU0053,2025-10-12,108,119.77090018920212
SKU0054,2025-10-12,1,0.6174072645734531
SKU0055,2025-10-12,296,257.63936991486366
SKU0056,2025-10-12,110,97.8250621005529
SKU0057,2025-10-12,272,270.6962633893885
SKU0058,2025-10-12,229,255.84994444938994
SKU0059,2025-10-12,1,0.6686987764859192
SKU0060,2025-10-12,421,414.9545615079366
SKU0061,2025-10-12,16,22.472045618240944
SKU0062,2025-10-12,197,193.82517385814677
SKU0063,2025-10-12,0,0.9351154798466466
SKU0064,2025-10-12,110,98.57261279310113
SKU0065,2025-10-12,156,181.63665455377952
SKU0066,2025-10-12,197,249.07270463082668
SKU0067,2025-10-12,94,116.40655280544622
SKU0068,2025-10-12,10,11.658087138684007
SKU0069,2025-10-12,83,73.77908279220779
SKU0070,2025-10-12,76,81.78707379008799
SKU0071,2025-10-12,418,406.4427998737372
SKU0072,2025-10-12,108,110.22724674953719
SKU0073,2025-10-12,439,436.8747706529582
SKU0074,2025-10-12,216,210.36184147937465
SKU0075,2025-10-12,1,0.6948112286669539
SKU0076,2025-10-12,45,50.88490532301378
SKU0077,2025-10-12,78,83.67759883749291
SKU0078,2025-10-12,157,170.0182420316612
SKU0079,2025-10-12,176,166.7405480907495
SKU0080,2025-10-12,0,0.42006828397757606
SKU0081,2025-10-12,68,60.166181317462225
SKU0082,2025-10-12,139,144.2317232536419
SKU0083,2025-10-12,238,220.31724931209268
SKU0084,2025-10-12,120,149.94160152544066
SKU0085,2025-10-12,0,0.6421052897843681
SKU0086,2025-10-12,11,21.78056963248949
SKU0087,2025-10-12,70,65.49066507204208
SKU0088,2025-10-12,36,48.219732697148665
SKU0089,2025-10-12,249,268.45927242003046
SKU0090,2025-10-12,202,207.84813724716528
SKU0091,2025-10-12,1,0.6044449419244097
SKU0092,2025-10-12,202,202.2815093589891
SKU0093,2025-10-12,245,259.86382413632117
SKU0094,2025-10-12,251,287.0328115079365
SKU0095,2025-10-12,203,203.8372069019594
SKU0096,2025-10-12,108,122.73982282519687
SKU0097,2025-10-12,450,465.53074080086583
SKU0098,2025-10-12,73,78.73587908443153
SKU0099,2025-10-12,669,655.5031286075033
SKU0100,2025-10-12,140,153.68737570266185
SKU0101,2025-10-12,321,312.4479792568543
SKU0102,2025-10-12,54,51.82424607418724
SKU0103,2025-10-12,0,0.6764123021341136
SKU0104,2025-10-12,62,60.512164399434525
SKU0105,2025-10-12,301,316.1826315628814
SKU0106,2025-10-12,0,0.717116550209436
SKU0107,2025-10-12,0,0.49932495221357037
SKU0108,2025-10-12,67,61.023796321763115
SKU0109,2025-10-12,143,144.6595231740659
SKU0110,2025-10-12,33,34.86088639826255
SKU0111,2025-10-12,270,307.63199314574325
SKU0112,2025-10-12,307,289.3486884920635
SKU0113,2025-10-12,166,173.43910443223936
SKU0114,2025-10-12,192,202.64529274256492
SKU0115,2025-10-12,382,347.5629355246203
SKU0116,2025-10-12,68,67.96307314213566
SKU0117,2025-10-12,169,169.7667362359862
SKU0118,2025-10-12,113,120.5176853029367
SKU0119,2025-10-12,240,251.64512361739554
SKU0120,2025-10-12,340,371.08345074023214
SKU0121,2025-10-12,280,265.0755293916254
SKU0122,2025-10-12,102,108.94599026032218
SKU0123,2025-10-12,522,467.93407629870126
SKU0124,2025-10-12,232,236.30019018971223
SKU0125,2025-10-12,192,201.56836808142154
SKU0126,2025-10-12,208,205.26547599636788
SKU0127,2025-10-12,220,234.0595685307018
SKU0128,2025-10-12,134,148.1609245348964
SKU0129,2025-10-12,69,79.10236709690065
SKU0130,2025-10-12,232,210.0049822057829
SKU0131,2025-10-12,89,99.32605407555405
SKU0132,2025-10-12,181,206.6187044145115
SKU0133,2025-10-12,195,184.56334901992963
SKU0134,2025-10-12,137,111.78412622664358
SKU0135,2025-10-12,66,89.45551330683573
SKU0136,2025-10-12,175,187.25680650686937
SKU0137,2025-10-12,95,100.67462865267942
SKU0138,2025-10-12,135,125.8531057758124
SKU0139,2025-10-12,367,363.1283143532712
SKU0140,2025-10-12,406,408.32322727272737
SKU0141,2025-10-12,110,118.96503870922292
SKU0142,2025-10-12,130,142.55870406456825
SKU0143,2025-10-12,275,218.03577679526072
SKU0144,2025-10-12,400,427.5042236652236
SKU0145,2025-10-12,93,110.14014552894982
SKU0146,2025-10-12,119,107.24786278223404
SKU0147,2025-10-12,150,171.8181780817222
SKU0148,2025-10-12,352,333.90665963040226
SKU0149,2025-10-12,236,272.4461926997417
SKU0150,2025-10-12,163,150.125114048877
SKU0151,2025-10-12,540,552.8227586580084
SKU0152,2025-10-12,2,0.7493007354450394
SKU0153,2025-10-12,245,262.3340216048733
SKU0154,2025-10-12,54,41.70238640876689
SKU0155,2025-10-12,166,194.1510753405091
SKU0156,2025-10-12,210,209.877160075199
SKU0157,2025-10-12,28,30.130908210253796
SKU0158,2025-10-12,127,107.61323270567274
SKU0159,2025-10-12,236,213.69976081893856
SKU0160,2025-10-12,106,116.00722249289602
SKU0161,2025-10-12,294,318.7268829365078
SKU0162,2025-10-12,146,139.53793515675497
SKU0163,2025-10-12,248,246.8246612959811
SKU0164,2025-10-12,1,0.6246668626639491
SKU0165,2025-10-12,215,209.49884538614697
SKU0166,2025-10-12,37,33.684609094041086
SKU0167,2025-10-12,259,271.9159275170105
SKU0168,2025-10-12,523,539.4267281746032
SKU0169,2025-10-12,573,560.7260276251525
SKU0170,2025-10-12,122,128.42343187123333
SKU0171,2025-10-12,194,180.84165597686166
SKU0172,2025-10-12,156,146.8389921923804
SKU0173,2025-10-12,349,374.3864681013432
SKU0174,2025-10-12,24,19.99871190368183
SKU0175,2025-10-12,404,449.77978607503616
SKU0176,2025-10-12,21,31.980990301483434
SKU0177,2025-10-12,85,73.30453613914598
SKU0178,2025-10-12,329,336.3323498584749
SKU0179,2025-10-12,1,0.7976361045866046
SKU0180,2025-10-12,195,182.0394162089
SKU0181,2025-10-12,637,602.8645826395832
SKU0182,2025-10-12,675,657.6597794011544
SKU0183,2025-10-12,262,269.6888508381402
SKU0184,2025-10-12,18,23.71435776430573
SKU0185,2025-10-12,144,150.4377737939485
SKU0186,2025-10-12,89,109.59455412338444
SKU0187,2025-10-12,209,198.72721226208066
SKU0188,2025-10-12,0,0.40780355068237967
SKU0189,2025-10-12,85,94.05873741760148
SKU0190,2025-10-12,233,264.4092541986683
SKU0191,2025-10-12,0,0.5023656224545305
SKU0192,2025-10-12,29,32.1678382909114
SKU0193,2025-10-12,114,119.77771262479513
SKU0194,2025-10-12,0,0.6384061181253946
SKU0195,2025-10-12,28,30.40048487781353
SKU0196,2025-10-12,40,29.52801465814512
SKU0197,2025-10-12,138,131.38127489061407
SKU0198,2025-10-12,29,32.25900101304637
SKU0199,2025-10-12,202,212.75060630862265
SKU0200,2025-10-12,205,221.85294226960406
SKU0001,2025-10-19,230,194.4863403306704
SKU0002,2025-10-19,482,452.59299802974806
SKU0003,2025-10-19,138,113.42256426416024
SKU0004,2025-10-19,87,86.80313263342661
SKU0005,2025-10-19,34,35.54172809060999
SKU0006,2025-10-19,148,165.1435538130587
SKU0007,2025-10-19,146,172.48228907249606
SKU0008,2025-10-19,181,164.3389093105795
SKU0009,2025-10-19,152,130.16287173717626
SKU0010,2025-10-19,178,235.0271104556665
SKU0011,2025-10-19,51,47.241280191373946
SKU0012,2025-10-19,32,33.36641110178802
SKU0013,2025-10-19,191,184.5930982565584
SKU0014,2025-10-19,24,24.350586339658356
SKU0015,2025-10-19,189,155.05474276357637
SKU0016,2025-10-19,142,128.978636755806
SKU0017,2025-10-19,69,82.86528769607847
SKU0018,2025-10-19,397,421.31797983676597
SKU0019,2025-10-19,211,190.02929542012546
SKU0020,2025-10-19,122,143.35284391198067
SKU0021,2025-10-19,156,136.26095037298842
SKU0022,2025-10-19,345,338.44354146137283
SKU0023,2025-10-19,80,85.0052099712896
SKU0024,2025-10-19,171,142.03756661667566
SKU0025,2025-10-19,58,57.52083678987265
SKU0026,2025-10-19,59,63.5442421973426
SKU0027,2025-10-19,128,130.08748077920893
SKU0028,2025-10-19,136,150.53081184178518
SKU0029,2025-10-19,63,72.5696440587373
SKU0030,2025-10-19,60,85.98120013677273
SKU0031,2025-10-19,478,523.8033905228758
SKU0032,2025-10-19,85,85.1400022466648
SKU0033,2025-10-19,261,235.27365405733883
SKU0034,2025-10-19,2,0.6996691695506209
SKU0035,2025-10-19,326,308.2285073899322
SKU0036,2025-10-19,0,0.8602059887436663
SKU0037,2025-10-19,101,98.4502181024257
SKU0038,2025-10-19,51,53.87847043926203
SKU0039,2025-10-19,499,521.4324271390374
SKU0040,2025-10-19,176,161.86229101384095
SKU0041,2025-10-19,21,19.57156569544213
SKU0042,2025-10-19,147,115.38749738129022
SKU0043,2025-10-19,0,0.4804432653590571
SKU0044,2025-10-19,46,65.09768940118411
SKU0045,2025-10-19,73,78.64858813347757
SKU0046,2025-10-19,44,54.605388509519145
SKU0047,2025-10-19,103,125.2315142855258
SKU0048,2025-10-19,115,129.83451153531868
SKU0049,2025-10-19,1,0.6153635103967612
SKU0050,2025-10-19,360,390.9724687257187
SKU0051,2025-10-19,10,17.176832544368008
SKU0052,2025-10-19,44,55.614697719824925
SKU0053,2025-10-19,93,86.7171112185827
SKU0054,2025-10-19,1,0.9282050809309901
SKU0055,2025-10-19,235,252.38359994589646
SKU0056,2025-10-19,86,78.58238155169492
SKU0057,2025-10-19,198,211.4930302389913
SKU0058,2025-10-19,179,177.86498186760818
SKU0059,2025-10-19,1,0.5405863149992801
SKU0060,2025-10-19,328,310.2148003951726
SKU0061,2025-10-19,21,20.436566719015318
SKU0062,2025-10-19,122,146.4042953093243
SKU0063,2025-10-19,0,0.6246668626639491
SKU0064,2025-10-19,87,83.24053402195754
SKU0065,2025-10-19,151,113.26936323028185
SKU0066,2025-10-19,168,167.53539188357576
SKU0067,2025-10-19,78,78.895139252203
SKU0068,2025-10-19,9,10.851616957068966
SKU0069,2025-10-19,53,63.63783944848583
SKU0070,2025-10-19,67,74.75890382456933
SKU0071,2025-10-19,297,325.1313254805381
SKU0072,2025-10-19,75,76.5731575027217
SKU0073,2025-10-19,369,381.99579534632073
SKU0074,2025-10-19,155,186.26475998388224
SKU0075,2025-10-19,0,0.5827067920981114
SKU0076,2025-10-19,42,33.62984611951668
SKU0077,2025-10-19,62,60.4877763774753
SKU0078,2025-10-19,145,147.8123899439452
SKU0079,2025-10-19,171,130.6367146075813
SKU0080,2025-10-19,0,0.23097304588233794
SKU0081,2025-10-19,40,48.041720649615264
SKU0082,2025-10-19,106,120.87859850563036
SKU0083,2025-10-19,167,173.90451873941933
SKU0084,2025-10-19,111,102.42003298537766
SKU0085,2025-10-19,0,0.6843941424882226
SKU0086,2025-10-19,13,15.153726787850314
SKU0087,2025-10-19,53,59.08199369245567
SKU0088,2025-10-19,35,39.833259461001994
SKU0089,2025-10-19,189,215.56271100070435
SKU0090,2025-10-19,161,166.7304414208065
SKU0091,2025-10-19,0,0.6244729626634943
SKU0092,2025-10-19,150,158.87110330911963
SKU0093,2025-10-19,206,227.9643558067277
SKU0094,2025-10-19,209,228.11242637697407
SKU0095,2025-10-19,166,166.27538077320995
SKU0096,2025-10-19,98,98.55437287382466
SKU0097,2025-10-19,338,382.6592331168833
SKU0098,2025-10-19,67,61.038976713627925
SKU0099,2025-10-19,507,529.1394242530343
SKU0100,2025-10-19,115,132.1185690269003
SKU0101,2025-10-19,247,238.8425001746782
SKU0102,2025-10-19,39,48.14048511751333
SKU0103,2025-10-19,0,0.6052975393220734
SKU0104,2025-10-19,38,53.47595148837897
SKU0105,2025-10-19,260,277.63070610780665
SKU0106,2025-10-19,0,0.6651346983428617
SKU0107,2025-10-19,0,0.48843419640438773
SKU0108,2025-10-19,45,57.38303944989971
SKU0109,2025-10-19,120,114.53356260502142
SKU0110,2025-10-19,28,35.7150532113484
SKU0111,2025-10-19,229,195.90671755165124
SKU0112,2025-10-19,220,237.28734894819604
SKU0113,2025-10-19,126,132.9055174367564
SKU0114,2025-10-19,162,154.75859654140143
SKU0115,2025-10-19,280,306.06743364715754
SKU0116,2025-10-19,42,64.78679883165073
SKU0117,2025-10-19,122,135.27171998399967
SKU0118,2025-10-19,83,90.82841890969009
SKU0119,2025-10-19,198,193.28551199774157
SKU0120,2025-10-19,330,268.61943970709854
SKU0121,2025-10-19,195,217.66410771420925
SKU0122,2025-10-19,96,85.84458148172976
SKU0123,2025-10-19,403,424.1866396618443
SKU0124,2025-10-19,184,186.86398651009637
SKU0125,2025-10-19,164,149.4400182310219
SKU0126,2025-10-19,154,150.53329235651972
SKU0127,2025-10-19,203,184.01010881725037
SKU0128,2025-10-19,115,136.96499950040226
SKU0129,2025-10-19,52,60.946536381689484
SKU0130,2025-10-19,168,171.05651639738733
SKU0131,2025-10-19,76,77.0520288784092
SKU0132,2025-10-19,174,146.03044498134673
SKU0133,2025-10-19,137,151.73239483209653
SKU0134,2025-10-19,108,104.10513477199902
SKU0135,2025-10-19,67,66.31396841061394
SKU0136,2025-10-19,135,149.21473085049212
SKU0137,2025-10-19,86,75.47406603192432
SKU0138,2025-10-19,116,108.86186000658239
SKU0139,2025-10-19,288,275.56434925626377
SKU0140,2025-10-19,274,316.598614696619
SKU0141,2025-10-19,82,98.76334781861574
SKU0142,2025-10-19,97,97.74056352178955
SKU0143,2025-10-19,189,199.7877681219605
SKU0144,2025-10-19,296,317.140894233158
SKU0145,2025-10-19,77,81.10274145107918
SKU0146,2025-10-19,83,88.83110105917025
SKU0147,2025-10-19,116,116.8663643563345
SKU0148,2025-10-19,297,265.9474309921587
SKU0149,2025-10-19,205,228.29835831358014
SKU0150,2025-10-19,123,118.87636844020791
SKU0151,2025-10-19,458,434.7428787171612
SKU0152,2025-10-19,0,0.6708935871082545
SKU0153,2025-10-19,206,191.20772436357106
SKU0154,2025-10-19,33,42.47049488087251
SKU0155,2025-10-19,169,133.39445084826122
SKU0156,2025-10-19,176,150.293221278021
SKU0157,2025-10-19,23,25.85204057458512
SKU0158,2025-10-19,103,104.18212287567519
SKU0159,2025-10-19,176,189.5392297061671
SKU0160,2025-10-19,95,91.22421044872291
SKU0161,2025-10-19,210,232.46473715330453
SKU0162,2025-10-19,101,107.72370882716565
SKU0163,2025-10-19,218,183.67575617891495
SKU0164,2025-10-19,0,0.5481581945159157
SKU0165,2025-10-19,190,177.42135922964553
SKU0166,2025-10-19,31,31.859381356390724
SKU0167,2025-10-19,208,224.39295329930843
SKU0168,2025-10-19,402,400.76523480093965
SKU0169,2025-10-19,478,447.01121805427675
SKU0170,2025-10-19,73,97.06280143015412
SKU0171,2025-10-19,152,150.69540698544142
SKU0172,2025-10-19,115,111.38911430070283
SKU0173,2025-10-19,297,270.30787136741134
SKU0174,2025-10-19,16,17.806721132002973
SKU0175,2025-10-19,363,322.73174679256635
SKU0176,2025-10-19,21,28.131744017312275
SKU0177,2025-10-19,55,70.89852747859779
SKU0178,2025-10-19,246,256.5313028318282
SKU0179,2025-10-19,0,0.5481581945159157
SKU0180,2025-10-19,160,160.829900523779
SKU0181,2025-10-19,538,480.3806931818181
SKU0182,2025-10-19,519,523.6761507936507
SKU0183,2025-10-19,184,231.7768675475484
SKU0184,2025-10-19,18,21.31084657021178
SKU0185,2025-10-19,145,137.71387639346224
SKU0186,2025-10-19,72,96.59483993417383
SKU0187,2025-10-19,159,152.74722608907635
SKU0188,2025-10-19,1,0.5145977488578126
SKU0189,2025-10-19,75,66.57957732147344
SKU0190,2025-10-19,226,222.84396008507105
SKU0191,2025-10-19,0,0.5023656224545305
SKU0192,2025-10-19,28,30.34154174092064
SKU0193,2025-10-19,105,99.44232809645477
SKU0194,2025-10-19,1,0.6710393382034507
SKU0195,2025-10-19,13,30.110815544743268
SKU0196,2025-10-19,27,41.11246358005153
SKU0197,2025-10-19,106,109.83841762029743
SKU0198,2025-10-19,15,23.71491576582181
SKU0199,2025-10-19,169,146.95934367300006
SKU0200,2025-10-19,173,173.59690912615147
SKU0001,2025-10-26,191,184.91485456193521
SKU0002,2025-10-26,362,385.3368496343555
SKU0003,2025-10-26,113,111.90515183415039
SKU0004,2025-10-26,62,77.36009888312013
SKU0005,2025-10-26,21,33.081132001138165
SKU0006,2025-10-26,142,141.35772820949586
SKU0007,2025-10-26,135,122.67627780961875
SKU0008,2025-10-26,163,133.41697517257006
SKU0009,2025-10-26,115,114.48700737310568
SKU0010,2025-10-26,178,173.14372499459384
SKU0011,2025-10-26,38,37.58994287055672
SKU0012,2025-10-26,19,24.227285128801054
SKU0013,2025-10-26,153,169.59931379891307
SKU0014,2025-10-26,13,21.1960069770995
SKU0015,2025-10-26,139,146.6088751451962
SKU0016,2025-10-26,91,109.09610879849917
SKU0017,2025-10-26,54,63.216532895316185
SKU0018,2025-10-26,332,344.1156816282288
SKU0019,2025-10-26,149,163.75168972453403
SKU0020,2025-10-26,92,105.29990709059543
SKU0021,2025-10-26,112,128.4779935973345
SKU0022,2025-10-26,283,312.47234298357984
SKU0023,2025-10-26,76,69.23986807796116
SKU0024,2025-10-26,133,136.10621505032842
SKU0025,2025-10-26,47,49.638749795596034
SKU0026,2025-10-26,40,45.831296108105875
SKU0027,2025-10-26,101,109.15300310223164
SKU0028,2025-10-26,102,120.61081881680974
SKU0029,2025-10-26,59,53.24315929267959
SKU0030,2025-10-26,59,56.043785374223035
SKU0031,2025-10-26,368,388.7691516098361
SKU0032,2025-10-26,74,73.52894500701649
SKU0033,2025-10-26,195,212.0063312577571
SKU0034,2025-10-26,0,0.6085652569141577
SKU0035,2025-10-26,247,277.13994881339573
SKU0036,2025-10-26,0,0.3969144613521444
SKU0037,2025-10-26,73,84.00556343345535
SKU0038,2025-10-26,41,42.69199587461088
SKU0039,2025-10-26,391,407.7398152955086
SKU0040,2025-10-26,149,141.2173304378014
SKU0041,2025-10-26,10,14.756955786030119
SKU0042,2025-10-26,79,107.7425539567054
SKU0043,2025-10-26,1,0.28247206230761274
SKU0044,2025-10-26,46,52.50174847597786
SKU0045,2025-10-26,60,61.26660772962543
SKU0046,2025-10-26,37,38.70005458613997
SKU0047,2025-10-26,87,88.26553953302353
SKU0048,2025-10-26,88,98.4134949319505
SKU0049,2025-10-26,0,0.5750669980504756
SKU0050,2025-10-26,292,298.35974387934004
SKU0051,2025-10-26,8,10.376358508046899
SKU0052,2025-10-26,47,43.732778924203956
SKU0053,2025-10-26,56,76.83071656209883
SKU0054,2025-10-26,1,0.5186504803768428
SKU0055,2025-10-26,169,190.7626620514203
SKU0056,2025-10-26,53,68.42055532857029
SKU0057,2025-10-26,149,161.3751925528905
SKU0058,2025-10-26,155,162.58121627343496
SKU0059,2025-10-26,0,0.38539415682271383
SKU0060,2025-10-26,236,296.3512722909176
SKU0061,2025-10-26,12,14.681101946521501
SKU0062,2025-10-26,111,122.86045911783577
SKU0063,2025-10-26,0,0.3495386797438646
SKU0064,2025-10-26,55,69.71779845936933
SKU0065,2025-10-26,113,107.22835254340978
SKU0066,2025-10-26,140,143.534910806847
SKU0067,2025-10-26,49,67.9917205666674
SKU0068,2025-10-26,10,7.968134059750968
SKU0069,2025-10-26,42,46.82255112863667
SKU0070,2025-10-26,52,52.502153872531565
SKU0071,2025-10-26,246,267.56086341519216
SKU0072,2025-10-26,54,69.63562935469355
SKU0073,2025-10-26,312,310.2720796858398
SKU0074,2025-10-26,142,146.40886776121715
SKU0075,2025-10-26,0,0.4990338411192418
SKU0076,2025-10-26,26,37.59923981453381
SKU0077,2025-10-26,57,53.922556680333116
SKU0078,2025-10-26,133,109.38490047796158
SKU0079,2025-10-26,114,124.63643456583786
SKU0080,2025-10-26,0,0.00375
SKU0081,2025-10-26,36,39.01365809017606
SKU0082,2025-10-26,82,104.14465912218546
SKU0083,2025-10-26,138,155.5036011922249
SKU0084,2025-10-26,61,87.3581669967187
SKU0085,2025-10-26,0,0.3641729923199666
SKU0086,2025-10-26,17,11.184056489399952
SKU0087,2025-10-26,31,42.70528614869207
SKU0088,2025-10-26,24,32.99910610026772
SKU0089,2025-10-26,167,171.09454810058492
SKU0090,2025-10-26,129,146.54846063644484
SKU0091,2025-10-26,1,0.5241752527158325
SKU0092,2025-10-26,129,129.30246731118322
SKU0093,2025-10-26,165,171.6838194829452
SKU0094,2025-10-26,166,179.70949853885656
SKU0095,2025-10-26,141,140.86649393469915
SKU0096,2025-10-26,80,77.59726972643384
SKU0097,2025-10-26,306,313.0660810722729
SKU0098,2025-10-26,48,54.85184474223699
SKU0099,2025-10-26,454,413.79856168880497
SKU0100,2025-10-26,103,102.6941106479203
SKU0101,2025-10-26,188,211.88193506666354
SKU0102,2025-10-26,28,33.12341814311213
SKU0103,2025-10-26,0,0.38965077972265244
SKU0104,2025-10-26,41,37.401251217792776
SKU0105,2025-10-26,216,213.85093468492698
SKU0106,2025-10-26,0,0.47146990808718164
SKU0107,2025-10-26,0,0.15936108384642889
SKU0108,2025-10-26,40,39.73419757976965
SKU0109,2025-10-26,94,98.48590465637224
SKU0110,2025-10-26,25,25.632124387260422
SKU0111,2025-10-26,159,184.8293513150112
SKU0112,2025-10-26,166,215.00925463815497
SKU0113,2025-10-26,116,118.800638565462
SKU0114,2025-10-26,141,142.32318829963546
SKU0115,2025-10-26,253,251.50231404207616
SKU0116,2025-10-26,31,42.93605170495614
SKU0117,2025-10-26,111,106.16680870347325
SKU0118,2025-10-26,70,75.36126949404361
SKU0119,2025-10-26,156,164.50039518225103
SKU0120,2025-10-26,210,263.82788196132725
SKU0121,2025-10-26,174,182.50709794559248
SKU0122,2025-10-26,80,85.92114017861951
SKU0123,2025-10-26,347,346.3915005435433
SKU0124,2025-10-26,156,159.81786723662447
SKU0125,2025-10-26,126,131.66678543256492
SKU0126,2025-10-26,137,129.94353470821704
SKU0127,2025-10-26,156,166.62629408985686
SKU0128,2025-10-26,99,99.0420586184399
SKU0129,2025-10-26,45,54.06536084569355
SKU0130,2025-10-26,116,146.52116339200703
SKU0131,2025-10-26,59,61.461740719609
SKU0132,2025-10-26,132,129.61346792622388
SKU0133,2025-10-26,141,120.49736836902485
SKU0134,2025-10-26,76,89.84004684391786
SKU0135,2025-10-26,64,54.08698862616344
SKU0136,2025-10-26,113,116.66707006127585
SKU0137,2025-10-26,55,66.55580572067325
SKU0138,2025-10-26,105,96.63653320313006
SKU0139,2025-10-26,234,251.1380659779161
SKU0140,2025-10-26,247,307.1235045883027
SKU0141,2025-10-26,85,77.85205047192068
SKU0142,2025-10-26,73,83.96312349874242
SKU0143,2025-10-26,169,166.72380002481728
SKU0144,2025-10-26,275,261.63118325211565
SKU0145,2025-10-26,82,66.3557070562736
SKU0146,2025-10-26,45,78.93411312622972
SKU0147,2025-10-26,106,103.39455004680478
SKU0148,2025-10-26,215,243.2939388816256
SKU0149,2025-10-26,191,171.94196504581205
SKU0150,2025-10-26,91,109.43800836750512
SKU0151,2025-10-26,368,365.5223435528088
SKU0152,2025-10-26,0,0.6465472603764566
SKU0153,2025-10-26,160,169.57401219003987
SKU0154,2025-10-26,25,33.11216578964721
SKU0155,2025-10-26,130,128.09949838599022
SKU0156,2025-10-26,135,139.27156027006345
SKU0157,2025-10-26,15,20.325306220086585
SKU0158,2025-10-26,90,87.58611265493028
SKU0159,2025-10-26,134,154.0247680749935
SKU0160,2025-10-26,72,78.66943134008662
SKU0161,2025-10-26,182,191.7567329226139
SKU0162,2025-10-26,67,96.10208010689935
SKU0163,2025-10-26,158,162.0224692076947
SKU0164,2025-10-26,1,0.4169958416662471
SKU0165,2025-10-26,127,148.57866706346297
SKU0166,2025-10-26,16,24.68911967782931
SKU0167,2025-10-26,176,171.34372331520586
SKU0168,2025-10-26,318,340.6411429078811
SKU0169,2025-10-26,381,380.62817389844014
SKU0170,2025-10-26,67,70.60718212015615
SKU0171,2025-10-26,116,126.72314717710701
SKU0172,2025-10-26,88,102.84996061611575
SKU0173,2025-10-26,233,238.60708083167563
SKU0174,2025-10-26,12,17.99484649374339
SKU0175,2025-10-26,284,275.54866388125777
SKU0176,2025-10-26,21,19.57309658246936
SKU0177,2025-10-26,42,48.306998756297425
SKU0178,2025-10-26,220,208.51383259015188
SKU0179,2025-10-26,0,0.4169958416662471
SKU0180,2025-10-26,117,133.44643355031636
SKU0181,2025-10-26,397,422.86111424132565
SKU0182,2025-10-26,472,451.158100003797
SKU0183,2025-10-26,158,172.2489788394445
SKU0184,2025-10-26,16,15.718252230888767
SKU0185,2025-10-26,110,120.57168035488357
SKU0186,2025-10-26,61,67.76956042640016
SKU0187,2025-10-26,120,132.204990301578
SKU0188,2025-10-26,0,0.26184345866308123
SKU0189,2025-10-26,54,61.610017673273624
SKU0190,2025-10-26,155,167.73231977742836
SKU0191,2025-10-26,0,0.2021937213758387
SKU0192,2025-10-26,25,21.932334890283723
SKU0193,2025-10-26,80,85.70132193185223
SKU0194,2025-10-26,0,0.3998988885350526
SKU0195,2025-10-26,17,19.777078784463754
SKU0196,2025-10-26,31,26.491730675330746
SKU0197,2025-10-26,84,90.21036914255961
SKU0198,2025-10-26,21,17.455491848702547
SKU0199,2025-10-26,132,146.21152372652077
SKU0200,2025-10-26,139,145.2118785650079
SKU0001,2025-11-02,179,185.73340182657896
SKU0002,2025-11-02,359,379.8395851703733
SKU0003,2025-11-02,108,110.84806451573267
SKU0004,2025-11-02,69,72.37754054977529
SKU0005,2025-11-02,40,29.53024468262616
SKU0006,2025-11-02,146,146.43265157525073
SKU0007,2025-11-02,117,126.64718924743713
SKU0008,2025-11-02,131,150.50996950246258
SKU0009,2025-11-02,117,118.7998109906847
SKU0010,2025-11-02,170,173.2196584130543
SKU0011,2025-11-02,28,38.69325528042427
SKU0012,2025-11-02,26,21.64881201316043
SKU0013,2025-11-02,189,163.20330425655396
SKU0014,2025-11-02,24,20.155713985594932
SKU0015,2025-11-02,128,139.63458204767875
SKU0016,2025-11-02,106,104.58543741647358
SKU0017,2025-11-02,56,62.70488495855833
SKU0018,2025-11-02,352,327.7387671982379
SKU0019,2025-11-02,166,176.2263465481375
SKU0020,2025-11-02,109,100.74754785240997
SKU0021,2025-11-02,117,118.78053112630958
SKU0022,2025-11-02,273,277.9576896121356
SKU0023,2025-11-02,75,75.63375499444543
SKU0024,2025-11-02,144,131.62927962996955
SKU0025,2025-11-02,43,45.04361781438044
SKU0026,2025-11-02,62,43.135547393064215
SKU0027,2025-11-02,89,105.2052296714944
SKU0028,2025-11-02,104,122.76951995501936
SKU0029,2025-11-02,57,55.0854760558279
SKU0030,2025-11-02,47,59.48133140629297
SKU0031,2025-11-02,401,401.19918560356103
SKU0032,2025-11-02,65,78.52311460070447
SKU0033,2025-11-02,201,195.96156857414996
SKU0034,2025-11-02,1,0.5600162193746113
SKU0035,2025-11-02,270,274.54789856874856
SKU0036,2025-11-02,0,0.227270106357307
SKU0037,2025-11-02,89,85.91715284244317
SKU0038,2025-11-02,34,41.18020601034498
SKU0039,2025-11-02,391,398.1259489576636
SKU0040,2025-11-02,132,148.8288478891151
SKU0041,2025-11-02,13,13.813244675845572
SKU0042,2025-11-02,98,97.58076060464047
SKU0043,2025-11-02,0,0.3495958490338485
SKU0044,2025-11-02,48,48.84735433389265
SKU0045,2025-11-02,54,61.33761004390034
SKU0046,2025-11-02,35,39.08638022551144
SKU0047,2025-11-02,85,92.08989927849527
SKU0048,2025-11-02,100,102.67206864369233
SKU0049,2025-11-02,0,0.280917721815389
SKU0050,2025-11-02,307,312.8450401138159
SKU0051,2025-11-02,10,9.743568601426999
SKU0052,2025-11-02,45,41.032973939072
SKU0053,2025-11-02,79,73.50819773564231
SKU0054,2025-11-02,0,0.5134388664145609
SKU0055,2025-11-02,198,181.27686207213887
SKU0056,2025-11-02,66,69.02611209315421
SKU0057,2025-11-02,174,162.88454027341865
SKU0058,2025-11-02,142,154.2455107999906
SKU0059,2025-11-02,0,0.3140620824166956
SKU0060,2025-11-02,263,261.8805577899162
SKU0061,2025-11-02,6,15.012491415659262
SKU0062,2025-11-02,109,113.15260707241248
SKU0063,2025-11-02,1,0.2738669503815487
SKU0064,2025-11-02,73,67.57206820736292
SKU0065,2025-11-02,98,110.26939627222303
SKU0066,2025-11-02,145,146.77728829672188
SKU0067,2025-11-02,74,64.25760434191912
SKU0068,2025-11-02,3,9.456198110818491
SKU0069,2025-11-02,54,44.58994562812036
SKU0070,2025-11-02,49,54.941005094290624
SKU0071,2025-11-02,237,262.08169257512645
SKU0072,2025-11-02,67,71.0769078133414
SKU0073,2025-11-02,310,297.2427700947328
SKU0074,2025-11-02,142,143.17211905308974
SKU0075,2025-11-02,0,0.319623532289763
SKU0076,2025-11-02,33,31.47043768292727
SKU0077,2025-11-02,47,53.37425498225099
SKU0078,2025-11-02,104,117.7292648639815
SKU0079,2025-11-02,116,115.94491203576594
SKU0080,2025-11-02,0,0.004464285714285714
SKU0081,2025-11-02,40,39.19384979192615
SKU0082,2025-11-02,82,95.13816112972046
SKU0083,2025-11-02,147,154.34127640820512
SKU0084,2025-11-02,87,78.76056626496987
SKU0085,2025-11-02,0,0.3132089555249462
SKU0086,2025-11-02,12,15.018342025418685
SKU0087,2025-11-02,43,45.19918693052416
SKU0088,2025-11-02,33,28.939528210659528
SKU0089,2025-11-02,178,165.93505505421382
SKU0090,2025-11-02,137,133.1810563389708
SKU0091,2025-11-02,1,0.440631605868413
SKU0092,2025-11-02,113,129.57720667059866
SKU0093,2025-11-02,160,162.89789569350927
SKU0094,2025-11-02,157,176.74479656374984
SKU0095,2025-11-02,145,141.64820952367938
SKU0096,2025-11-02,83,79.44669012527558
SKU0097,2025-11-02,309,292.4767969671094
SKU0098,2025-11-02,41,55.11735524656344
SKU0099,2025-11-02,419,417.3643932993713
SKU0100,2025-11-02,106,104.64672778340619
SKU0101,2025-11-02,185,192.14810346858997
SKU0102,2025-11-02,35,35.97304788931192
SKU0103,2025-11-02,0,0.36912294034174875
SKU0104,2025-11-02,32,39.2243747536923
SKU0105,2025-11-02,214,213.34557931713428
SKU0106,2025-11-02,1,0.2738669503815487
SKU0107,2025-11-02,0,0.21296167887478623
SKU0108,2025-11-02,32,39.18665185126331
SKU0109,2025-11-02,108,94.55049944500864
SKU0110,2025-11-02,29,24.162431315423714
SKU0111,2025-11-02,178,172.6741762442089
SKU0112,2025-11-02,196,197.0287909332492
SKU0113,2025-11-02,104,114.61789207698835
SKU0114,2025-11-02,155,143.48903266774042
SKU0115,2025-11-02,259,247.8170997314081
SKU0116,2025-11-02,28,42.164805165642065
SKU0117,2025-11-02,102,106.81846804073076
SKU0118,2025-11-02,76,70.98833633338137
SKU0119,2025-11-02,167,159.06103782239416
SKU0120,2025-11-02,244,221.74879888478551
SKU0121,2025-11-02,194,202.5377358288846
SKU0122,2025-11-02,63,76.42272003599544
SKU0123,2025-11-02,326,374.1154992919019
SKU0124,2025-11-02,152,153.41132093778577
SKU0125,2025-11-02,133,134.41899066806832
SKU0126,2025-11-02,144,138.88975514792375
SKU0127,2025-11-02,163,155.99221879694315
SKU0128,2025-11-02,100,104.56722551003634
SKU0129,2025-11-02,49,47.73132954139342
SKU0130,2025-11-02,129,140.26867922198818
SKU0131,2025-11-02,66,64.84903420751613
SKU0132,2025-11-02,146,134.35409326339405
SKU0133,2025-11-02,89,127.77689037455247
SKU0134,2025-11-02,94,86.31022452300003
SKU0135,2025-11-02,52,55.50252733173249
SKU0136,2025-11-02,141,122.63730972960664
SKU0137,2025-11-02,59,67.12549451397115
SKU0138,2025-11-02,77,100.80572516086553
SKU0139,2025-11-02,218,239.04656249088467
SKU0140,2025-11-02,262,263.8569180748921
SKU0141,2025-11-02,73,77.43107157098251
SKU0142,2025-11-02,90,86.1875381053195
SKU0143,2025-11-02,167,163.897508583852
SKU0144,2025-11-02,279,287.83190030082466
SKU0145,2025-11-02,74,70.6205840969825
SKU0146,2025-11-02,61,66.88412357095096
SKU0147,2025-11-02,106,105.6834203510496
SKU0148,2025-11-02,217,214.90081226040772
SKU0149,2025-11-02,190,181.1072154870037
SKU0150,2025-11-02,95,103.40849822558826
SKU0151,2025-11-02,385,362.023616604304
SKU0152,2025-11-02,0,0.4853703892405457
SKU0153,2025-11-02,163,163.3285573726425
SKU0154,2025-11-02,29,29.497638342723803
SKU0155,2025-11-02,133,132.5214038400283
SKU0156,2025-11-02,136,139.96927546405269
SKU0157,2025-11-02,20,20.721571363885367
SKU0158,2025-11-02,67,93.40883658376296
SKU0159,2025-11-02,134,148.78704603093263
SKU0160,2025-11-02,69,72.95772384674152
SKU0161,2025-11-02,190,189.9404403849885
SKU0162,2025-11-02,92,93.74373286435788
SKU0163,2025-11-02,154,168.76943853706473
SKU0164,2025-11-02,0,0.34373235682652614
SKU0165,2025-11-02,136,141.8684990025143
SKU0166,2025-11-02,21,23.796152286080474
SKU0167,2025-11-02,174,178.12044594802109
SKU0168,2025-11-02,310,315.40462560135705
SKU0169,2025-11-02,402,387.11715149215325
SKU0170,2025-11-02,72,71.51496727594147
SKU0171,2025-11-02,129,118.56556220370143
SKU0172,2025-11-02,86,97.90840430485133
SKU0173,2025-11-02,207,236.6639169914081
SKU0174,2025-11-02,10,11.75834120083882
SKU0175,2025-11-02,282,294.6217373744218
SKU0176,2025-11-02,20,19.92616873062328
SKU0177,2025-11-02,47,49.077916968831275
SKU0178,2025-11-02,195,215.02071266531075
SKU0179,2025-11-02,0,0.319623532289763
SKU0180,2025-11-02,125,126.07028781640487
SKU0181,2025-11-02,424,385.87792664727016
SKU0182,2025-11-02,430,443.565873130205
SKU0183,2025-11-02,173,161.47101028452644
SKU0184,2025-11-02,13,15.994632943997368
SKU0185,2025-11-02,93,108.63314688861271
SKU0186,2025-11-02,78,74.88076841958792
SKU0187,2025-11-02,131,127.74688453331316
SKU0188,2025-11-02,0,0.2229072470263414
SKU0189,2025-11-02,53,58.80050403427084
SKU0190,2025-11-02,161,159.70952798214364
SKU0191,2025-11-02,0,0.23656461633807782
SKU0192,2025-11-02,23,21.4432597689859
SKU0193,2025-11-02,70,88.57769613781775
SKU0194,2025-11-02,0,0.31677529478520366
SKU0195,2025-11-02,17,18.80799795144234
SKU0196,2025-11-02,25,26.05884042649456
SKU0197,2025-11-02,79,95.17623080794185
SKU0198,2025-11-02,25,21.398294818976616
SKU0199,2025-11-02,145,140.72919686727727
SKU0200,2025-11-02,110,141.30505600743496
SKU0001,2025-11-09,194,199.096743072449
SKU0002,2025-11-09,359,388.91033467587886
SKU0003,2025-11-09,102,106.15544153137546
SKU0004,2025-11-09,80,73.29652232011892
SKU0005,2025-11-09,28,38.8321360479814
SKU0006,2025-11-09,131,144.62294808563882
SKU0007,2025-11-09,114,124.01442767111675
SKU0008,2025-11-09,158,139.81839321164819
SKU0009,2025-11-09,114,115.41168114902932
SKU0010,2025-11-09,184,172.39649636917636
SKU0011,2025-11-09,32,38.3467054775721
SKU0012,2025-11-09,18,21.200168559633592
SKU0013,2025-11-09,157,174.16902433900725
SKU0014,2025-11-09,21,19.50424771508439
SKU0015,2025-11-09,130,134.7899033777456
SKU0016,2025-11-09,103,99.4104643046913
SKU0017,2025-11-09,60,62.178744593975665
SKU0018,2025-11-09,393,343.4986388487237
SKU0019,2025-11-09,184,164.965343457198
SKU0020,2025-11-09,102,100.62879355262785
SKU0021,2025-11-09,121,123.612907387281
SKU0022,2025-11-09,285,291.1044754726303
SKU0023,2025-11-09,73,73.82801444759808
SKU0024,2025-11-09,141,132.04026117711518
SKU0025,2025-11-09,53,47.24737580539656
SKU0026,2025-11-09,37,47.2876670425369
SKU0027,2025-11-09,94,99.37964757332152
SKU0028,2025-11-09,122,116.1964223046067
SKU0029,2025-11-09,59,54.75508410178006
SKU0030,2025-11-09,59,57.596607711961944
SKU0031,2025-11-09,396,393.6568075307469
SKU0032,2025-11-09,66,79.25123806628152
SKU0033,2025-11-09,211,210.29303192587304
SKU0034,2025-11-09,1,0.49125705067382763
SKU0035,2025-11-09,278,256.9151606135558
SKU0036,2025-11-09,1,0.20506171258917572
SKU0037,2025-11-09,81,91.61554341915087
SKU0038,2025-11-09,38,41.21773650847893
SKU0039,2025-11-09,413,396.07849225250123
SKU0040,2025-11-09,142,143.55161821531726
SKU0041,2025-11-09,12,13.591241827547012
SKU0042,2025-11-09,91,96.62374700993679
SKU0043,2025-11-09,0,0.3031355833818257
SKU0044,2025-11-09,49,46.86232606426344
SKU0045,2025-11-09,56,64.73165387267416
SKU0046,2025-11-09,34,38.42172144078921
SKU0047,2025-11-09,61,90.74929410856272
SKU0048,2025-11-09,108,96.43234761629681
SKU0049,2025-11-09,1,0.34270448042663787
SKU0050,2025-11-09,315,328.37897522154293
SKU0051,2025-11-09,11,9.716690409060632
SKU0052,2025-11-09,35,39.23142949105228
SKU0053,2025-11-09,83,73.71718618798428
SKU0054,2025-11-09,0,0.6249301867772945
SKU0055,2025-11-09,176,190.88775913737837
SKU0056,2025-11-09,78,66.99042339992715
SKU0057,2025-11-09,164,166.3810797517408
SKU0058,2025-11-09,163,156.61216260960765
SKU0059,2025-11-09,0,0.32727359837249503
SKU0060,2025-11-09,299,258.38626573081416
SKU0061,2025-11-09,20,14.208112019950013
SKU0062,2025-11-09,104,112.1486944784952
SKU0063,2025-11-09,1,0.3497192655502691
SKU0064,2025-11-09,83,70.93399030467481
SKU0065,2025-11-09,98,105.59071923666538
SKU0066,2025-11-09,151,149.85573612386474
SKU0067,2025-11-09,63,70.14747633127209
SKU0068,2025-11-09,7,7.951962842712842
SKU0069,2025-11-09,48,47.12894320433923
SKU0070,2025-11-09,59,49.38803770380602
SKU0071,2025-11-09,264,261.7562372635022
SKU0072,2025-11-09,83,70.38286861248903
SKU0073,2025-11-09,333,302.7367760400975
SKU0074,2025-11-09,141,143.68091204960294
SKU0075,2025-11-09,1,0.29646081563236654
SKU0076,2025-11-09,36,33.318045620739795
SKU0077,2025-11-09,49,52.04662008266063
SKU0078,2025-11-09,112,108.93917723716305
SKU0079,2025-11-09,101,117.12033548134883
SKU0080,2025-11-09,0,0.004464285714285714
SKU0081,2025-11-09,41,37.88677917639626
SKU0082,2025-11-09,85,88.71355557850765
SKU0083,2025-11-09,145,150.88393366202095
SKU0084,2025-11-09,83,83.06318455644798
SKU0085,2025-11-09,0,0.2738669503815487
SKU0086,2025-11-09,10,11.606266938449973
SKU0087,2025-11-09,49,39.332720656705035
SKU0088,2025-11-09,44,29.30269701666649
SKU0089,2025-11-09,182,164.51237054505972
SKU0090,2025-11-09,140,136.03327871743403
SKU0091,2025-11-09,1,0.4463990042639778
SKU0092,2025-11-09,130,122.02261348665475
SKU0093,2025-11-09,177,165.47067390454285
SKU0094,2025-11-09,187,160.11964235143571
SKU0095,2025-11-09,150,141.86247621447572
SKU0096,2025-11-09,79,82.87568125110731
SKU0097,2025-11-09,288,315.2383894030654
SKU0098,2025-11-09,55,51.590195757955435
SKU0099,2025-11-09,453,426.61410746545795
SKU0100,2025-11-09,100,103.51901005328902
SKU0101,2025-11-09,196,193.01898153512772
SKU0102,2025-11-09,39,34.972353010164504
SKU0103,2025-11-09,0,0.2627702310718054
SKU0104,2025-11-09,40,37.70774662466587
SKU0105,2025-11-09,202,214.10786048738456
SKU0106,2025-11-09,0,0.32216284805399037
SKU0107,2025-11-09,0,0.28767251719576536
SKU0108,2025-11-09,45,38.048050190896426
SKU0109,2025-11-09,111,97.0670609302762
SKU0110,2025-11-09,27,24.332980396999545
SKU0111,2025-11-09,175,170.47787781238938
SKU0112,2025-11-09,200,190.6875482378813
SKU0113,2025-11-09,115,105.89761623828488
SKU0114,2025-11-09,124,140.38169718098564
SKU0115,2025-11-09,235,274.95124752728975
SKU0116,2025-11-09,42,36.55813650316844
SKU0117,2025-11-09,91,104.80430352511229
SKU0118,2025-11-09,69,76.43200486673733
SKU0119,2025-11-09,173,154.89636903068083
SKU0120,2025-11-09,264,242.69191615382044
SKU0121,2025-11-09,186,186.2196130385607
SKU0122,2025-11-09,73,71.27528613552556
SKU0123,2025-11-09,333,347.4550542606909
SKU0124,2025-11-09,159,153.5426925450547
SKU0125,2025-11-09,120,129.8766438685807
SKU0126,2025-11-09,144,137.75714567339503
SKU0127,2025-11-09,160,154.5295651513856
SKU0128,2025-11-09,103,102.09761022715105
SKU0129,2025-11-09,45,47.560331927138016
SKU0130,2025-11-09,143,131.65694316353813
SKU0131,2025-11-09,59,59.267782099321145
SKU0132,2025-11-09,139,134.35936702779352
SKU0133,2025-11-09,111,119.05217711917936
SKU0134,2025-11-09,76,87.2324360517915
SKU0135,2025-11-09,65,51.416880744534
SKU0136,2025-11-09,121,128.23665972800234
SKU0137,2025-11-09,77,68.71566491692438
SKU0138,2025-11-09,83,92.16143798617038
SKU0139,2025-11-09,250,235.69763999036724
SKU0140,2025-11-09,291,256.3480192636373
SKU0141,2025-11-09,60,73.72354749605076
SKU0142,2025-11-09,82,101.5877405666057
SKU0143,2025-11-09,180,160.44996595536344
SKU0144,2025-11-09,279,263.3571958942405
SKU0145,2025-11-09,79,75.8662864663443
SKU0146,2025-11-09,57,65.20793295806823
SKU0147,2025-11-09,99,107.62816143376746
SKU0148,2025-11-09,195,228.06093592015463
SKU0149,2025-11-09,191,176.31489992381418
SKU0150,2025-11-09,98,97.79907490083711
SKU0151,2025-11-09,364,365.76712004570044
SKU0152,2025-11-09,2,0.503712374620657
SKU0153,2025-11-09,178,156.34811518874866
SKU0154,2025-11-09,30,29.86922201499558
SKU0155,2025-11-09,108,132.44883170845745
SKU0156,2025-11-09,133,133.4235847027462
SKU0157,2025-11-09,19,22.725767507652662
SKU0158,2025-11-09,93,78.51810853565289
SKU0159,2025-11-09,145,155.07228143811005
SKU0160,2025-11-09,73,70.05408936054019
SKU0161,2025-11-09,178,192.03068226186343
SKU0162,2025-11-09,83,90.40256958786294
SKU0163,2025-11-09,159,158.4195409177521
SKU0164,2025-11-09,1,0.34356506990868124
SKU0165,2025-11-09,133,141.4962131192401
SKU0166,2025-11-09,21,21.2259486488889
SKU0167,2025-11-09,184,167.83447900590764
SKU0168,2025-11-09,347,329.6062910483771
SKU0169,2025-11-09,405,393.666096275045
SKU0170,2025-11-09,70,72.99342891689716
SKU0171,2025-11-09,115,125.04834065366089
SKU0172,2025-11-09,90,103.29619158522073
SKU0173,2025-11-09,251,216.4023033473595
SKU0174,2025-11-09,17,10.628641419891203
SKU0175,2025-11-09,295,292.33389321020974
SKU0176,2025-11-09,20,21.628941284567667
SKU0177,2025-11-09,44,49.84832222567278
SKU0178,2025-11-09,218,208.51246022600225
SKU0179,2025-11-09,0,0.3132089555249462
SKU0180,2025-11-09,120,122.99454596179858
SKU0181,2025-11-09,429,420.9299386955892
SKU0182,2025-11-09,450,435.4670293696207
SKU0183,2025-11-09,195,161.05337903945764
SKU0184,2025-11-09,16,18.8228640261747
SKU0185,2025-11-09,113,114.17263095624693
SKU0186,2025-11-09,63,74.19529007685334
SKU0187,2025-11-09,113,127.60381435942438
SKU0188,2025-11-09,0,0.227270106357307
SKU0189,2025-11-09,58,57.486302476570046
SKU0190,2025-11-09,157,160.92379185633422
SKU0191,2025-11-09,0,0.23656461633807782
SKU0192,2025-11-09,27,22.03778527461537
SKU0193,2025-11-09,73,77.67561529045544
SKU0194,2025-11-09,0,0.2562789767874373
SKU0195,2025-11-09,19,22.13412965143467
SKU0196,2025-11-09,30,24.754089347291547
SKU0197,2025-11-09,71,87.01710698500756
SKU0198,2025-11-09,17,21.083926449777024
SKU0199,2025-11-09,168,139.74440272720366
SKU0200,2025-11-09,139,130.83658362934136
SKU0001,2025-11-16,188,214.11133720770525
SKU0002,2025-11-16,374,373.36515112407716
SKU0003,2025-11-16,120,104.04689495002248
SKU0004,2025-11-16,73,71.45715308507889
SKU0005,2025-11-16,37,30.352744205342375
SKU0006,2025-11-16,146,144.23012989313852
SKU0007,2025-11-16,156,122.14412083298853
SKU0008,2025-11-16,144,145.91491299802254
SKU0009,2025-11-16,107,125.42572009469673
SKU0010,2025-11-16,175,178.23260965745558
SKU0011,2025-11-16,40,36.155851570844725
SKU0012,2025-11-16,20,20.26884951942121
SKU0013,2025-11-16,170,166.1134763017188
SKU0014,2025-11-16,25,17.918858326141148
SKU0015,2025-11-16,127,132.25237884184943
SKU0016,2025-11-16,132,104.19595439216475
SKU0017,2025-11-16,55,65.47305392152926
SKU0018,2025-11-16,381,353.8586574931844
SKU0019,2025-11-16,187,186.11342055829365
SKU0020,2025-11-16,101,104.73200579970347
SKU0021,2025-11-16,117,120.74021869140064
SKU0022,2025-11-16,305,282.4580895367278
SKU0023,2025-11-16,66,72.8256863420221
SKU0024,2025-11-16,131,136.34081590933687
SKU0025,2025-11-16,48,45.74297554381583
SKU0026,2025-11-16,42,42.840109495673424
SKU0027,2025-11-16,118,100.53098718919905
SKU0028,2025-11-16,114,123.3132741090304
SKU0029,2025-11-16,47,52.645815384582704
SKU0030,2025-11-16,65,61.25572508946057
SKU0031,2025-11-16,395,409.0356585687293
SKU0032,2025-11-16,62,70.6935213582597
SKU0033,2025-11-16,235,220.98242973740054
SKU0034,2025-11-16,0,0.44462504896035787
SKU0035,2025-11-16,284,288.30912594894073
SKU0036,2025-11-16,0,0.32216284805399037
SKU0037,2025-11-16,95,90.5660929685836
SKU0038,2025-11-16,40,38.013644894402745
SKU0039,2025-11-16,446,442.45388602669095
SKU0040,2025-11-16,140,139.6370997241252
SKU0041,2025-11-16,17,11.655009285324473
SKU0042,2025-11-16,114,100.84851375492077
SKU0043,2025-11-16,0,0.3271822741636345
SKU0044,2025-11-16,50,45.235373289047196
SKU0045,2025-11-16,61,59.10754582420705
SKU0046,2025-11-16,29,36.52741790402857
SKU0047,2025-11-16,99,76.69574401134523
SKU0048,2025-11-16,79,95.01741827074487
SKU0049,2025-11-16,0,0.2763455926789403
SKU0050,2025-11-16,336,334.79031647545804
SKU0051,2025-11-16,8,9.232652133255927
SKU0052,2025-11-16,39,37.81255577248513
SKU0053,2025-11-16,67,72.30634187356533
SKU0054,2025-11-16,1,0.5797007638678012
SKU0055,2025-11-16,192,188.58767721269655
SKU0056,2025-11-16,70,67.1324857318126
SKU0057,2025-11-16,171,163.87684775525412
SKU0058,2025-11-16,150,157.48895137270486
SKU0059,2025-11-16,0,0.36912294034174875
SKU0060,2025-11-16,279,261.7981231921524
SKU0061,2025-11-16,18,15.875488848494909
SKU0062,2025-11-16,111,116.21734517439876
SKU0063,2025-11-16,0,0.339362865321392
SKU0064,2025-11-16,86,75.32210775671155
SKU0065,2025-11-16,105,107.4943199376903
SKU0066,2025-11-16,141,149.86160803780425
SKU0067,2025-11-16,61,71.33331018911639
SKU0068,2025-11-16,8,6.977187348494426
SKU0069,2025-11-16,38,45.250204433939736
SKU0070,2025-11-16,57,49.57905705013209
SKU0071,2025-11-16,257,284.1085714968058
SKU0072,2025-11-16,70,75.3645082913705
SKU0073,2025-11-16,329,331.09421411217
SKU0074,2025-11-16,136,140.60847632662703
SKU0075,2025-11-16,0,0.3497192655502691
SKU0076,2025-11-16,38,32.159287046821056
SKU0077,2025-11-16,50,51.17250840328714
SKU0078,2025-11-16,130,107.64744997437919
SKU0079,2025-11-16,123,114.12188317034435
SKU0080,2025-11-16,0,0.004464285714285714
SKU0081,2025-11-16,39,37.14338451536753
SKU0082,2025-11-16,104,97.10816353923059
SKU0083,2025-11-16,151,147.7168821983315
SKU0084,2025-11-16,78,81.58680569635378
SKU0085,2025-11-16,0,0.2627702310718054
SKU0086,2025-11-16,12,11.751590274036287
SKU0087,2025-11-16,60,42.936074477749514
SKU0088,2025-11-16,40,34.281554421122415
SKU0089,2025-11-16,164,187.2393849729608
SKU0090,2025-11-16,148,136.71357806102148
SKU0091,2025-11-16,1,0.5015862691515018
SKU0092,2025-11-16,137,138.89807359800952
SKU0093,2025-11-16,193,177.94280532182248
SKU0094,2025-11-16,178,175.93831725736882
SKU0095,2025-11-16,129,140.30491630895324
SKU0096,2025-11-16,74,77.64963194880391
SKU0097,2025-11-16,299,321.32115398621414
SKU0098,2025-11-16,61,54.85120436894577
SKU0099,2025-11-16,412,439.9756022145887
SKU0100,2025-11-16,107,97.73136133717617
SKU0101,2025-11-16,205,208.23213249319443
SKU0102,2025-11-16,35,37.13196125035694
SKU0103,2025-11-16,0,0.2738669503815487
SKU0104,2025-11-16,52,38.014058133923626
SKU0105,2025-11-16,222,215.41422618779964
SKU0106,2025-11-16,0,0.2229072470263414
SKU0107,2025-11-16,1,0.30703184127341143
SKU0108,2025-11-16,37,38.83719310514491
SKU0109,2025-11-16,89,99.39318305816046
SKU0110,2025-11-16,32,24.12814812497046
SKU0111,2025-11-16,185,170.6944412912431
SKU0112,2025-11-16,224,213.61511188758024
SKU0113,2025-11-16,115,117.04406169687867
SKU0114,2025-11-16,121,138.3867588215452
SKU0115,2025-11-16,245,238.9672169590251
SKU0116,2025-11-16,47,41.129465375845214
SKU0117,2025-11-16,101,109.72355140305581
SKU0118,2025-11-16,82,70.73763448660168
SKU0119,2025-11-16,159,161.36228409963465
SKU0120,2025-11-16,264,251.4446494516625
SKU0121,2025-11-16,203,182.81203293123443
SKU0122,2025-11-16,71,70.81835056644651
SKU0123,2025-11-16,382,332.84363313894244
SKU0124,2025-11-16,180,153.67419919282918
SKU0125,2025-11-16,146,127.34843690489879
SKU0126,2025-11-16,131,139.1783725724223
SKU0127,2025-11-16,159,164.310256916465
SKU0128,2025-11-16,101,98.65242394931123
SKU0129,2025-11-16,57,50.18433361949172
SKU0130,2025-11-16,147,141.05009850708421
SKU0131,2025-11-16,56,65.66722347731822
SKU0132,2025-11-16,147,136.73984285904905
SKU0133,2025-11-16,140,124.67561417257966
SKU0134,2025-11-16,96,81.38376535778275
SKU0135,2025-11-16,55,60.35750665988737
SKU0136,2025-11-16,120,122.34979301044274
SKU0137,2025-11-16,73,72.01791804013324
SKU0138,2025-11-16,112,91.69109062730985
SKU0139,2025-11-16,277,239.47721203971042
SKU0140,2025-11-16,304,272.5047557214547
SKU0141,2025-11-16,96,72.94299973396595
SKU0142,2025-11-16,98,82.14665507949549
SKU0143,2025-11-16,178,171.24661124091546
SKU0144,2025-11-16,293,281.89653777864044
SKU0145,2025-11-16,80,69.71287177047866
SKU0146,2025-11-16,75,62.47997563553556
SKU0147,2025-11-16,107,104.63313857472882
SKU0148,2025-11-16,222,219.72686178224774
SKU0149,2025-11-16,179,179.08461191811872
SKU0150,2025-11-16,108,100.70627565031394
SKU0151,2025-11-16,426,408.0023578548473
SKU0152,2025-11-16,0,0.5915152586236705
SKU0153,2025-11-16,159,169.67965920900377
SKU0154,2025-11-16,49,27.724106790359006
SKU0155,2025-11-16,139,122.36163136891177
SKU0156,2025-11-16,163,136.07494789288123
SKU0157,2025-11-16,23,20.0539725915699
SKU0158,2025-11-16,79,84.55958471469037
SKU0159,2025-11-16,157,147.72807432365164
SKU0160,2025-11-16,76,71.64181796933555
SKU0161,2025-11-16,205,182.29273869269426
SKU0162,2025-11-16,98,95.84346790005122
SKU0163,2025-11-16,184,160.55845625387275
SKU0164,2025-11-16,1,0.4746375823359717
SKU0165,2025-11-16,148,134.09770812069925
SKU0166,2025-11-16,15,20.903807409030232
SKU0167,2025-11-16,192,191.81058728921397
SKU0168,2025-11-16,382,334.9718625633847
SKU0169,2025-11-16,429,394.76561242730554
SKU0170,2025-11-16,68,70.02311432232197
SKU0171,2025-11-16,126,122.42948267954377
SKU0172,2025-11-16,106,97.86003367336345
SKU0173,2025-11-16,241,233.4622455556103
SKU0174,2025-11-16,16,14.747446918594326
SKU0175,2025-11-16,272,285.1886205222962
SKU0176,2025-11-16,19,18.962975042621885
SKU0177,2025-11-16,58,46.511734924484905
SKU0178,2025-11-16,232,213.7144708504735
SKU0179,2025-11-16,0,0.29257641559024905
SKU0180,2025-11-16,137,120.60420127500257
SKU0181,2025-11-16,432,427.1481139887056
SKU0182,2025-11-16,455,470.47459564844945
SKU0183,2025-11-16,168,180.2887518114629
SKU0184,2025-11-16,12,15.363272997284312
SKU0185,2025-11-16,111,104.41116187335572
SKU0186,2025-11-16,79,70.0400165108747
SKU0187,2025-11-16,144,121.0013290366791
SKU0188,2025-11-16,2,0.20506171258917572
SKU0189,2025-11-16,54,59.892569923767745
SKU0190,2025-11-16,177,162.59008970335597
SKU0191,2025-11-16,0,0.23656461633807782
SKU0192,2025-11-16,28,21.71997159593639
SKU0193,2025-11-16,85,87.86355138772247
SKU0194,2025-11-16,0,0.3132089555249462
SKU0195,2025-11-16,19,16.407307285073514
SKU0196,2025-11-16,29,27.687312101257813
SKU0197,2025-11-16,99,88.75048646594979
SKU0198,2025-11-16,10,21.843024874516782
SKU0199,2025-11-16,157,163.7445754776478
SKU0200,2025-11-16,139,144.015821343105
SKU0001,2025-11-23,268,303.57679076479087
SKU0002,2025-11-23,565,551.8581607142854
SKU0003,2025-11-23,146,151.96565708244307
SKU0004,2025-11-23,99,111.19617603413202
SKU0005,2025-11-23,37,47.09783251913631
SKU0006,2025-11-23,193,228.8063977411477
SKU0007,2025-11-23,182,189.28950374543763
SKU0008,2025-11-23,187,188.52910347015825
SKU0009,2025-11-23,152,178.27741107503607
SKU0010,2025-11-23,253,279.3655873015873
SKU0011,2025-11-23,43,60.182998047703926
SKU0012,2025-11-23,36,28.70056879559304
SKU0013,2025-11-23,207,261.8943091873404
SKU0014,2025-11-23,35,33.202371428375976
SKU0015,2025-11-23,217,196.48497975022937
SKU0016,2025-11-23,164,153.76911338935818
SKU0017,2025-11-23,94,85.24354282025166
SKU0018,2025-11-23,487,475.153477994228
SKU0019,2025-11-23,270,263.38685150613287
SKU0020,2025-11-23,141,146.80654067890552
SKU0021,2025-11-23,188,183.00503968253963
SKU0022,2025-11-23,399,429.0687205988459
SKU0023,2025-11-23,104,115.46231800144307
SKU0024,2025-11-23,188,186.88060541923275
SKU0025,2025-11-23,61,70.22498472771709
SKU0026,2025-11-23,63,64.08166345788716
SKU0027,2025-11-23,176,150.87321813640517
SKU0028,2025-11-23,170,177.60776280663785
SKU0029,2025-11-23,69,87.902
SKU0030,2025-11-23,97,84.6904676924608
SKU0031,2025-11-23,535,595.8374452769451
SKU0032,2025-11-23,126,102.4707108585859
SKU0033,2025-11-23,273,292.62254816017304
SKU0034,2025-11-23,1,0.8297412245922918
SKU0035,2025-11-23,389,413.5882532467536
SKU0036,2025-11-23,0,0.7594992282935163
SKU0037,2025-11-23,122,113.36444389697076
SKU0038,2025-11-23,50,63.34600850848935
SKU0039,2025-11-23,622,642.801154401154
SKU0040,2025-11-23,237,227.6496182844932
SKU0041,2025-11-23,24,23.87373716718077
SKU0042,2025-11-23,141,147.89648884514384
SKU0043,2025-11-23,0,0.7552201434059032
SKU0044,2025-11-23,55,73.59167908480408
SKU0045,2025-11-23,91,93.85005627705632
SKU0046,2025-11-23,63,60.34022408963583
SKU0047,2025-11-23,119,126.58587527697892
SKU0048,2025-11-23,146,134.03800740931555
SKU0049,2025-11-23,1,0.6598527575631042
SKU0050,2025-11-23,441,507.40690782828295
SKU0051,2025-11-23,20,13.560052433283385
SKU0052,2025-11-23,51,65.82400418046005
SKU0053,2025-11-23,92,116.52164305139311
SKU0054,2025-11-23,2,0.6871185628333576
SKU0055,2025-11-23,268,293.326006854257
SKU0056,2025-11-23,84,101.05531150793651
SKU0057,2025-11-23,216,249.88693033008659
SKU0058,2025-11-23,219,240.87316431485186
SKU0059,2025-11-23,0,0.6722656666703696
SKU0060,2025-11-23,371,356.9354707792209
SKU0061,2025-11-23,20,21.270670159044442
SKU0062,2025-11-23,179,168.26930586080584
SKU0063,2025-11-23,0,0.6289851160452892
SKU0064,2025-11-23,105,99.45491057097227
SKU0065,2025-11-23,125,159.31493681318685
SKU0066,2025-11-23,222,231.93671642246647
SKU0067,2025-11-23,106,98.63712157287158
SKU0068,2025-11-23,14,10.254630557090115
SKU0069,2025-11-23,65,68.40536526812981
SKU0070,2025-11-23,73,65.032274783471
SKU0071,2025-11-23,362,380.4570465367965
SKU0072,2025-11-23,94,101.10893037518039
SKU0073,2025-11-23,457,492.81258838383866
SKU0074,2025-11-23,209,196.95843409735278
SKU0075,2025-11-23,0,0.6399046221746427
SKU0076,2025-11-23,47,46.76460266585646
SKU0077,2025-11-23,92,78.16427769734018
SKU0078,2025-11-23,177,147.6161249631199
SKU0079,2025-11-23,165,175.17379094516593
SKU0080,2025-11-23,1,0.6755149207782232
SKU0081,2025-11-23,53,57.26323273525167
SKU0082,2025-11-23,135,147.1319551579193
SKU0083,2025-11-23,212,217.4799380425337
SKU0084,2025-11-23,127,118.86341631292686
SKU0085,2025-11-23,2,0.59235035516613
SKU0086,2025-11-23,15,17.427620853180397
SKU0087,2025-11-23,58,60.58239137245923
SKU0088,2025-11-23,40,59.80968650793648
SKU0089,2025-11-23,234,251.78561710858594
SKU0090,2025-11-23,184,217.4336015051545
SKU0091,2025-11-23,1,0.8727556008079104
SKU0092,2025-11-23,185,180.35136139413547
SKU0093,2025-11-23,252,260.5006421405876
SKU0094,2025-11-23,256,248.745177498255
SKU0095,2025-11-23,193,232.65967368742375
SKU0096,2025-11-23,118,108.57325390200297
SKU0097,2025-11-23,424,451.4864265873018
SKU0098,2025-11-23,85,81.61078230299113
SKU0099,2025-11-23,608,633.5910214646461
SKU0100,2025-11-23,133,120.12038573121278
SKU0101,2025-11-23,283,318.0242400793651
SKU0102,2025-11-23,53,53.91835893861902
SKU0103,2025-11-23,1,0.6161320984456325
SKU0104,2025-11-23,53,62.41304567872099
SKU0105,2025-11-23,303,289.8483214008213
SKU0106,2025-11-23,1,0.6776082256933161
SKU0107,2025-11-23,1,0.5734506276860499
SKU0108,2025-11-23,60,61.72705193685324
SKU0109,2025-11-23,143,114.89555515731755
SKU0110,2025-11-23,53,36.24309223437418
SKU0111,2025-11-23,255,264.8235470924908
SKU0112,2025-11-23,285,261.72161088470153
SKU0113,2025-11-23,193,180.94132539682548
SKU0114,2025-11-23,197,209.46640873015878
SKU0115,2025-11-23,342,408.44964277389295
SKU0116,2025-11-23,57,56.351958424570505
SKU0117,2025-11-23,162,155.09012548562552
SKU0118,2025-11-23,89,113.2116655371505
SKU0119,2025-11-23,225,251.67913676948064
SKU0120,2025-11-23,329,359.32566414141394
SKU0121,2025-11-23,275,310.6228968253968
SKU0122,2025-11-23,101,109.64344661281798
SKU0123,2025-11-23,448,547.3710079365079
SKU0124,2025-11-23,243,245.69173374542123
SKU0125,2025-11-23,174,211.27163223524104
SKU0126,2025-11-23,188,198.22729271273573
SKU0127,2025-11-23,231,249.58996933621927
SKU0128,2025-11-23,138,151.05099998206862
SKU0129,2025-11-23,72,81.23076180959563
SKU0130,2025-11-23,169,213.36989197794935
SKU0131,2025-11-23,80,90.56920111832615
SKU0132,2025-11-23,184,213.3654060270215
SKU0133,2025-11-23,174,180.38818936558616
SKU0134,2025-11-23,106,111.4026762287999
SKU0135,2025-11-23,52,91.93472294372296
SKU0136,2025-11-23,182,182.17034962199637
SKU0137,2025-11-23,93,107.51401091188225
SKU0138,2025-11-23,138,148.30021746570145
SKU0139,2025-11-23,316,317.8922399293505
SKU0140,2025-11-23,362,419.3007591991342
SKU0141,2025-11-23,101,113.23535389233173
SKU0142,2025-11-23,129,136.311295342861
SKU0143,2025-11-23,239,258.10633939047057
SKU0144,2025-11-23,391,418.23283585858604
SKU0145,2025-11-23,100,87.5699663329429
SKU0146,2025-11-23,88,94.45083673406239
SKU0147,2025-11-23,163,137.48253307657794
SKU0148,2025-11-23,332,328.04670833333336
SKU0149,2025-11-23,254,313.02513095238106
SKU0150,2025-11-23,149,166.78592388167388
SKU0151,2025-11-23,535,555.8839431818179
SKU0152,2025-11-23,2,0.7724261028573031
SKU0153,2025-11-23,212,255.35791238275613
SKU0154,2025-11-23,26,45.993802255483516
SKU0155,2025-11-23,182,189.5476108853848
SKU0156,2025-11-23,184,199.58156779019504
SKU0157,2025-11-23,21,24.630877743396738
SKU0158,2025-11-23,123,130.98850585554797
SKU0159,2025-11-23,219,232.46107631257644
SKU0160,2025-11-23,107,109.044022887486
SKU0161,2025-11-23,283,319.23564682539677
SKU0162,2025-11-23,130,136.24488609522902
SKU0163,2025-11-23,236,245.61814193445443
SKU0164,2025-11-23,0,0.5429334946661298
SKU0165,2025-11-23,185,211.41610366527507
SKU0166,2025-11-23,37,34.4194330238475
SKU0167,2025-11-23,240,235.23867755360027
SKU0168,2025-11-23,503,544.510123015873
SKU0169,2025-11-23,544,548.398075937951
SKU0170,2025-11-23,108,105.99765999637708
SKU0171,2025-11-23,160,180.4868654048246
SKU0172,2025-11-23,138,139.71687329434297
SKU0173,2025-11-23,347,362.65244677982815
SKU0174,2025-11-23,21,22.68684876978039
SKU0175,2025-11-23,392,426.45622438672444
SKU0176,2025-11-23,39,30.41513535711601
SKU0177,2025-11-23,68,74.47347912251018
SKU0178,2025-11-23,320,289.8000782828281
SKU0179,2025-11-23,0,0.5122461809032558
SKU0180,2025-11-23,195,177.566674729351
SKU0181,2025-11-23,630,564.9032532467533
SKU0182,2025-11-23,641,655.6838809523807
SKU0183,2025-11-23,257,266.29388974567104
SKU0184,2025-11-23,21,21.03687839696636
SKU0185,2025-11-23,149,147.77968046117306
SKU0186,2025-11-23,117,113.08376760461766
SKU0187,2025-11-23,189,220.11080393217878
SKU0188,2025-11-23,2,0.5417030009841954
SKU0189,2025-11-23,66,72.6852416997312
SKU0190,2025-11-23,241,263.13090460581077
SKU0191,2025-11-23,0,0.6755149207782232
SKU0192,2025-11-23,32,39.93889472089215
SKU0193,2025-11-23,116,130.19731094720495
SKU0194,2025-11-23,0,0.59235035516613
SKU0195,2025-11-23,25,31.185635926655053
SKU0196,2025-11-23,31,43.41431021062271
SKU0197,2025-11-23,119,137.10543217277288
SKU0198,2025-11-23,23,25.667329105034742
SKU0199,2025-11-23,200,239.5484710627696
SKU0200,2025-11-23,180,209.56875476757688
SKU0001,2025-11-30,308,303.7758452380952
SKU0002,2025-11-30,670,661.2883653291148
SKU0003,2025-11-30,190,175.34039670742848
SKU0004,2025-11-30,121,120.72139440917383
SKU0005,2025-11-30,62,50.75003728996989
SKU0006,2025-11-30,264,250.75281320558526
SKU0007,2025-11-30,215,185.4735464666349
SKU0008,2025-11-30,251,224.91030466848414
SKU0009,2025-11-30,199,192.0985122830068
SKU0010,2025-11-30,332,267.9160936147186
SKU0011,2025-11-30,54,61.26542555810202
SKU0012,2025-11-30,33,45.37660960718593
SKU0013,2025-11-30,286,268.4740309427577
SKU0014,2025-11-30,30,39.28823889949219
SKU0015,2025-11-30,248,215.7840281953587
SKU0016,2025-11-30,203,204.51097807584574
SKU0017,2025-11-30,90,108.54655168936917
SKU0018,2025-11-30,599,546.7497099567099
SKU0019,2025-11-30,318,284.4526015512265
SKU0020,2025-11-30,195,153.40917443511714
SKU0021,2025-11-30,223,206.7305804296512
SKU0022,2025-11-30,537,492.1160036075039
SKU0023,2025-11-30,128,117.1995733054323
SKU0024,2025-11-30,223,215.04130104311156
SKU0025,2025-11-30,85,91.92578367465869
SKU0026,2025-11-30,70,74.32249472515414
SKU0027,2025-11-30,192,193.19541907551505
SKU0028,2025-11-30,212,200.062209137682
SKU0029,2025-11-30,108,85.99800248419884
SKU0030,2025-11-30,114,108.73329129897878
SKU0031,2025-11-30,679,654.4307178932174
SKU0032,2025-11-30,120,107.22055369136041
SKU0033,2025-11-30,318,364.95243499556005
SKU0034,2025-11-30,0,0.7719878117421253
SKU0035,2025-11-30,502,426.83011670274175
SKU0036,2025-11-30,1,0.6776082256933161
SKU0037,2025-11-30,162,139.30155810844045
SKU0038,2025-11-30,66,55.34735298055452
SKU0039,2025-11-30,718,685.7903373015871
SKU0040,2025-11-30,253,233.00282423402143
SKU0041,2025-11-30,23,24.801574139048395
SKU0042,2025-11-30,185,182.75310227272726
SKU0043,2025-11-30,1,0.59235035516613
SKU0044,2025-11-30,64,73.70615625179228
SKU0045,2025-11-30,102,109.52493256512004
SKU0046,2025-11-30,65,57.481496844260526
SKU0047,2025-11-30,155,144.29293911692895
SKU0048,2025-11-30,173,151.9955339786031
SKU0049,2025-11-30,0,0.5655600161421063
SKU0050,2025-11-30,533,554.076369047619
SKU0051,2025-11-30,20,19.27090813994517
SKU0052,2025-11-30,68,65.32177349945209
SKU0053,2025-11-30,121,134.13041083298646
SKU0054,2025-11-30,2,0.9221980441057017
SKU0055,2025-11-30,321,312.65892568542563
SKU0056,2025-11-30,123,99.29322000216594
SKU0057,2025-11-30,296,265.5362212604371
SKU0058,2025-11-30,326,255.13627532679743
SKU0059,2025-11-30,0,0.6722656666703696
SKU0060,2025-11-30,456,475.23778950216445
SKU0061,2025-11-30,27,22.02529499545216
SKU0062,2025-11-30,201,192.07739312332407
SKU0063,2025-11-30,1,0.5841184587161065
SKU0064,2025-11-30,120,107.96929208111838
SKU0065,2025-11-30,158,172.44996819846818
SKU0066,2025-11-30,240,257.7416220322238
SKU0067,2025-11-30,96,97.37602795900526
SKU0068,2025-11-30,17,13.172927134027354
SKU0069,2025-11-30,107,83.22720259103642
SKU0070,2025-11-30,86,93.0696002903029
SKU0071,2025-11-30,432,457.8068401875903
SKU0072,2025-11-30,97,110.90842807026729
SKU0073,2025-11-30,499,481.97705483405474
SKU0074,2025-11-30,227,233.71587556145263
SKU0075,2025-11-30,0,0.6776082256933161
SKU0076,2025-11-30,37,51.64823749926546
SKU0077,2025-11-30,95,94.15710837544657
SKU0078,2025-11-30,218,182.95505198094898
SKU0079,2025-11-30,224,204.8032012318881
SKU0080,2025-11-30,0,0.856539366447252
SKU0081,2025-11-30,62,70.46699235752457
SKU0082,2025-11-30,178,161.52726239193532
SKU0083,2025-11-30,289,232.69895828613798
SKU0084,2025-11-30,145,130.53785938535694
SKU0085,2025-11-30,0,0.5515634731194101
SKU0086,2025-11-30,24,19.724121930564483
SKU0087,2025-11-30,67,67.31772866145324
SKU0088,2025-11-30,52,53.76271861962431
SKU0089,2025-11-30,283,281.064081846338
SKU0090,2025-11-30,231,243.57407924020433
SKU0091,2025-11-30,1,0.8463500145698083
SKU0092,2025-11-30,219,206.88475868678324
SKU0093,2025-11-30,286,260.7000365938774
SKU0094,2025-11-30,293,298.7691643217894
SKU0095,2025-11-30,225,224.07369273651435
SKU0096,2025-11-30,114,132.4467766421024
SKU0097,2025-11-30,515,538.9890634920637
SKU0098,2025-11-30,89,91.14763059461781
SKU0099,2025-11-30,740,723.7318088023089
SKU0100,2025-11-30,168,154.7493418128983
SKU0101,2025-11-30,356,313.4906369047617
SKU0102,2025-11-30,63,62.01160295320547
SKU0103,2025-11-30,0,0.5449108719082083
SKU0104,2025-11-30,64,65.42378218733191
SKU0105,2025-11-30,372,347.54843510370245
SKU0106,2025-11-30,0,0.5889544676615183
SKU0107,2025-11-30,2,0.5454220450853973
SKU0108,2025-11-30,59,65.10118275825222
SKU0109,2025-11-30,170,151.64297808506456
SKU0110,2025-11-30,52,46.22408016234599
SKU0111,2025-11-30,322,311.9110095598846
SKU0112,2025-11-30,367,308.27303373015866
SKU0113,2025-11-30,204,183.20674806889144
SKU0114,2025-11-30,257,214.53705990595495
SKU0115,2025-11-30,418,402.7185983044734
SKU0116,2025-11-30,72,73.1949457070707
SKU0117,2025-11-30,202,188.36319006592532
SKU0118,2025-11-30,124,120.96863424582776
SKU0119,2025-11-30,267,251.65070536436414
SKU0120,2025-11-30,405,337.10254930857184
SKU0121,2025-11-30,306,354.28831931233026
SKU0122,2025-11-30,115,132.35617905581202
SKU0123,2025-11-30,588,551.8975595238095
SKU0124,2025-11-30,258,287.6816544011545
SKU0125,2025-11-30,230,221.9494234174528
SKU0126,2025-11-30,237,232.9289369744886
SKU0127,2025-11-30,269,260.08331398674846
SKU0128,2025-11-30,172,186.419284992785
SKU0129,2025-11-30,79,88.01402896816097
SKU0130,2025-11-30,248,236.23517985669295
SKU0131,2025-11-30,99,92.33143692743442
SKU0132,2025-11-30,250,229.02378004772766
SKU0133,2025-11-30,228,184.74469964027884
SKU0134,2025-11-30,131,134.31620282862528
SKU0135,2025-11-30,104,89.53887476689977
SKU0136,2025-11-30,204,201.42204590562835
SKU0137,2025-11-30,108,119.40295982651324
SKU0138,2025-11-30,168,137.79277889836024
SKU0139,2025-11-30,404,419.38559650072165
SKU0140,2025-11-30,446,479.07463672438666
SKU0141,2025-11-30,130,115.61139651341793
SKU0142,2025-11-30,144,151.19383151056772
SKU0143,2025-11-30,299,266.911063989195
SKU0144,2025-11-30,477,458.11670905483385
SKU0145,2025-11-30,116,116.14488522311134
SKU0146,2025-11-30,106,114.00915468322155
SKU0147,2025-11-30,167,188.94887186669533
SKU0148,2025-11-30,391,366.3777980615222
SKU0149,2025-11-30,339,300.65023015873004
SKU0150,2025-11-30,179,177.32872999794324
SKU0151,2025-11-30,676,634.8598161976909
SKU0152,2025-11-30,1,0.8725713697052215
SKU0153,2025-11-30,262,265.96686806396974
SKU0154,2025-11-30,51,52.71853751803753
SKU0155,2025-11-30,238,211.12330155372769
SKU0156,2025-11-30,249,209.2322156144598
SKU0157,2025-11-30,42,29.785450111805762
SKU0158,2025-11-30,164,119.54408619639051
SKU0159,2025-11-30,252,259.22212798460475
SKU0160,2025-11-30,145,118.54084551334557
SKU0161,2025-11-30,312,317.9179769119769
SKU0162,2025-11-30,134,178.57483134920636
SKU0163,2025-11-30,275,269.878589105339
SKU0164,2025-11-30,1,0.6915522374029487
SKU0165,2025-11-30,232,235.5439413135884
SKU0166,2025-11-30,37,35.434911349693394
SKU0167,2025-11-30,301,287.6106801646863
SKU0168,2025-11-30,614,544.2416466727717
SKU0169,2025-11-30,672,639.5275840548336
SKU0170,2025-11-30,123,120.94882262504788
SKU0171,2025-11-30,182,210.44571140026883
SKU0172,2025-11-30,159,155.48826785087698
SKU0173,2025-11-30,372,396.1378676046178
SKU0174,2025-11-30,25,21.951528184424188
SKU0175,2025-11-30,502,443.8170416666664
SKU0176,2025-11-30,43,32.72381051956243
SKU0177,2025-11-30,85,72.209649959742
SKU0178,2025-11-30,364,374.73583119658144
SKU0179,2025-11-30,0,0.5122461809032558
SKU0180,2025-11-30,222,209.1529043254803
SKU0181,2025-11-30,715,666.9878576839824
SKU0182,2025-11-30,824,732.650031024531
SKU0183,2025-11-30,270,266.91374792703846
SKU0184,2025-11-30,33,25.28530395174104
SKU0185,2025-11-30,180,190.0023693553179
SKU0186,2025-11-30,133,116.71314697635142
SKU0187,2025-11-30,211,207.67275722277304
SKU0188,2025-11-30,2,0.8865321054766997
SKU0189,2025-11-30,96,81.22745950715948
SKU0190,2025-11-30,270,264.53619629439
SKU0191,2025-11-30,0,0.6755149207782232
SKU0192,2025-11-30,50,32.044892921691364
SKU0193,2025-11-30,139,152.22754419191918
SKU0194,2025-11-30,0,0.59235035516613
SKU0195,2025-11-30,30,30.341630354821042
SKU0196,2025-11-30,43,40.50884296468153
SKU0197,2025-11-30,144,153.8865914521806
SKU0198,2025-11-30,33,30.091493198036687
SKU0199,2025-11-30,265,251.83781757968347
SKU0200,2025-11-30,270,239.02626587301597
SKU0001,2025-12-07,270,274.8774825118792
SKU0002,2025-12-07,609,555.8149242481207
SKU0003,2025-12-07,161,168.43073445106668
SKU0004,2025-12-07,87,117.22330856962616
SKU0005,2025-12-07,55,42.08286553212936
SKU0006,2025-12-07,217,218.85425548967538
SKU0007,2025-12-07,176,195.87055016560487
SKU0008,2025-12-07,236,211.92007488107015
SKU0009,2025-12-07,181,172.71068867725512
SKU0010,2025-12-07,266,275.77171434191683
SKU0011,2025-12-07,44,47.136712697218584
SKU0012,2025-12-07,31,24.933483462664654
SKU0013,2025-12-07,255,243.49738483388893
SKU0014,2025-12-07,40,24.785118860588586
SKU0015,2025-12-07,211,214.42531505719745
SKU0016,2025-12-07,174,173.5398902943828
SKU0017,2025-12-07,93,80.15319474889307
SKU0018,2025-12-07,564,554.3212554834055
SKU0019,2025-12-07,269,271.13589696219844
SKU0020,2025-12-07,158,165.98892261613196
SKU0021,2025-12-07,195,191.2225716916277
SKU0022,2025-12-07,446,525.6032624458875
SKU0023,2025-12-07,124,99.83727803202635
SKU0024,2025-12-07,201,192.58577309234113
SKU0025,2025-12-07,69,71.67398835335439
SKU0026,2025-12-07,63,66.55065714994188
SKU0027,2025-12-07,154,170.65717727173785
SKU0028,2025-12-07,181,190.86908578287944
SKU0029,2025-12-07,70,77.50644327760892
SKU0030,2025-12-07,92,82.03273561053342
SKU0031,2025-12-07,623,628.7528908730161
SKU0032,2025-12-07,109,97.97355957720207
SKU0033,2025-12-07,307,276.58611050012564
SKU0034,2025-12-07,1,0.668073310073622
SKU0035,2025-12-07,417,437.44459760174476
SKU0036,2025-12-07,0,0.45664320264686764
SKU0037,2025-12-07,119,134.52326421121407
SKU0038,2025-12-07,63,55.157102099065916
SKU0039,2025-12-07,607,620.072634920635
SKU0040,2025-12-07,215,214.27302809433348
SKU0041,2025-12-07,24,19.851825827211286
SKU0042,2025-12-07,172,162.81200151518664
SKU0043,2025-12-07,0,0.40389617209548395
SKU0044,2025-12-07,69,62.170639935287355
SKU0045,2025-12-07,93,83.9745288520879
SKU0046,2025-12-07,39,52.99230425911067
SKU0047,2025-12-07,126,138.9620805064859
SKU0048,2025-12-07,118,154.3953980829161
SKU0049,2025-12-07,1,0.4297068651505246
SKU0050,2025-12-07,474,518.2174866522366
SKU0051,2025-12-07,16,20.365720999608566
SKU0052,2025-12-07,72,56.58019197888822
SKU0053,2025-12-07,115,119.25098573139297
SKU0054,2025-12-07,0,1.045948786402827
SKU0055,2025-12-07,293,275.2869868816642
SKU0056,2025-12-07,95,92.52120600658134
SKU0057,2025-12-07,246,245.57296505593087
SKU0058,2025-12-07,240,239.73583642830775
SKU0059,2025-12-07,0,0.6588551893921852
SKU0060,2025-12-07,427,420.8826860410827
SKU0061,2025-12-07,29,22.88181560900905
SKU0062,2025-12-07,183,180.5517461836184
SKU0063,2025-12-07,0,0.45974369954402894
SKU0064,2025-12-07,109,103.83102764823596
SKU0065,2025-12-07,174,151.07639232501583
SKU0066,2025-12-07,208,219.5947463445093
SKU0067,2025-12-07,91,94.41854348940801
SKU0068,2025-12-07,12,14.812143925540878
SKU0069,2025-12-07,71,76.07800104925654
SKU0070,2025-12-07,71,74.98046221583827
SKU0071,2025-12-07,403,406.12476244588754
SKU0072,2025-12-07,89,93.27872018668216
SKU0073,2025-12-07,473,488.74430474754
SKU0074,2025-12-07,235,208.42986524889304
SKU0075,2025-12-07,0,0.40539543059374894
SKU0076,2025-12-07,43,42.277768143495095
SKU0077,2025-12-07,82,83.66029425297606
SKU0078,2025-12-07,152,184.86734731576362
SKU0079,2025-12-07,162,177.47149879907832
SKU0080,2025-12-07,0,0.31389519066465466
SKU0081,2025-12-07,60,54.64317100982229
SKU0082,2025-12-07,147,143.06641967023938
SKU0083,2025-12-07,259,228.92078269775925
SKU0084,2025-12-07,115,129.90036349101428
SKU0085,2025-12-07,0,0.8150090751182237
SKU0086,2025-12-07,24,21.793616945152277
SKU0087,2025-12-07,61,63.26482749253868
SKU0088,2025-12-07,53,41.87990392000585
SKU0089,2025-12-07,262,259.6764837656748
SKU0090,2025-12-07,196,202.4815561975655
SKU0091,2025-12-07,0,0.5281972927268006
SKU0092,2025-12-07,193,188.19521394014654
SKU0093,2025-12-07,273,232.35475819800584
SKU0094,2025-12-07,277,289.4681439161197
SKU0095,2025-12-07,219,208.56789697385568
SKU0096,2025-12-07,123,119.87838603677768
SKU0097,2025-12-07,438,471.4755590659341
SKU0098,2025-12-07,84,73.8958198323153
SKU0099,2025-12-07,609,632.2323055555557
SKU0100,2025-12-07,149,141.01919056602605
SKU0101,2025-12-07,286,283.99754316084176
SKU0102,2025-12-07,60,51.48326137526351
SKU0103,2025-12-07,0,0.456368043432518
SKU0104,2025-12-07,55,49.45884615106917
SKU0105,2025-12-07,323,325.0309619870305
SKU0106,2025-12-07,0,0.6204820376309578
SKU0107,2025-12-07,0,0.5356450775035291
SKU0108,2025-12-07,66,53.34060140362313
SKU0109,2025-12-07,149,144.37003929399873
SKU0110,2025-12-07,43,41.514007547751916
SKU0111,2025-12-07,273,270.9746318863752
SKU0112,2025-12-07,261,296.54271416981703
SKU0113,2025-12-07,153,165.47638561034154
SKU0114,2025-12-07,197,213.48527331159588
SKU0115,2025-12-07,379,410.7921381886088
SKU0116,2025-12-07,61,64.10378019062938
SKU0117,2025-12-07,151,179.0930193818918
SKU0118,2025-12-07,120,93.11844391538429
SKU0119,2025-12-07,240,236.55469965712112
SKU0120,2025-12-07,327,367.26270933342965
SKU0121,2025-12-07,279,295.9039810034735
SKU0122,2025-12-07,113,120.40019643459644
SKU0123,2025-12-07,511,550.7330394841272
SKU0124,2025-12-07,216,224.4729182242475
SKU0125,2025-12-07,188,206.94605963903123
SKU0126,2025-12-07,193,215.2220699010226
SKU0127,2025-12-07,212,226.55856078922486
SKU0128,2025-12-07,166,156.66353656680656
SKU0129,2025-12-07,66,72.7625597834601
SKU0130,2025-12-07,178,217.44575551246712
SKU0131,2025-12-07,75,80.54915119599532
SKU0132,2025-12-07,201,197.19621212869706
SKU0133,2025-12-07,199,205.0019512511309
SKU0134,2025-12-07,127,107.44626155734034
SKU0135,2025-12-07,92,96.76511386860338
SKU0136,2025-12-07,212,185.657419226963
SKU0137,2025-12-07,95,89.57238559255752
SKU0138,2025-12-07,140,145.96212412533612
SKU0139,2025-12-07,325,341.10069204749453
SKU0140,2025-12-07,384,419.2877495331463
SKU0141,2025-12-07,115,106.18426801480942
SKU0142,2025-12-07,131,135.9449053940499
SKU0143,2025-12-07,237,263.2543687652668
SKU0144,2025-12-07,403,374.0297327672329
SKU0145,2025-12-07,94,111.01453064976329
SKU0146,2025-12-07,94,97.2919107476032
SKU0147,2025-12-07,137,156.02374378515995
SKU0148,2025-12-07,334,316.8382972482148
SKU0149,2025-12-07,273,298.9772174908425
SKU0150,2025-12-07,157,169.76916376417893
SKU0151,2025-12-07,579,557.8082608946611
SKU0152,2025-12-07,2,0.5742688982353783
SKU0153,2025-12-07,275,244.529327091772
SKU0154,2025-12-07,53,40.88097076259475
SKU0155,2025-12-07,198,196.54049732143113
SKU0156,2025-12-07,209,213.39071027460034
SKU0157,2025-12-07,28,26.230648644846756
SKU0158,2025-12-07,125,139.89933702940303
SKU0159,2025-12-07,253,241.6233642041912
SKU0160,2025-12-07,129,124.19668326822702
SKU0161,2025-12-07,312,277.3771801343013
SKU0162,2025-12-07,134,139.97417521752777
SKU0163,2025-12-07,235,239.5113505009341
SKU0164,2025-12-07,0,0.40776853716770245
SKU0165,2025-12-07,233,210.9598350458505
SKU0166,2025-12-07,47,27.288063812521223
SKU0167,2025-12-07,242,267.0372220280367
SKU0168,2025-12-07,489,527.1596278966132
SKU0169,2025-12-07,621,610.2964157754014
SKU0170,2025-12-07,111,99.61201075740183
SKU0171,2025-12-07,170,193.3741380829572
SKU0172,2025-12-07,141,142.51034827534733
SKU0173,2025-12-07,367,343.6928193009519
SKU0174,2025-12-07,23,21.491942923082775
SKU0175,2025-12-07,404,463.1665372405374
SKU0176,2025-12-07,27,26.27777232444969
SKU0177,2025-12-07,61,77.58997713990672
SKU0178,2025-12-07,343,308.8496534763825
SKU0179,2025-12-07,0,0.5700095281871902
SKU0180,2025-12-07,174,194.13114202175592
SKU0181,2025-12-07,625,641.2363809523812
SKU0182,2025-12-07,707,669.2709384920637
SKU0183,2025-12-07,281,265.13314517818867
SKU0184,2025-12-07,28,21.429110957556194
SKU0185,2025-12-07,144,144.12264108694058
SKU0186,2025-12-07,98,105.60457104922472
SKU0187,2025-12-07,199,177.88959678170377
SKU0188,2025-12-07,0,0.8025880444508272
SKU0189,2025-12-07,98,84.29081504154959
SKU0190,2025-12-07,238,245.93841053294648
SKU0191,2025-12-07,0,0.7984858997414662
SKU0192,2025-12-07,28,31.19535780776123
SKU0193,2025-12-07,135,109.38815422818216
SKU0194,2025-12-07,1,0.4404548635211605
SKU0195,2025-12-07,30,21.879988224764183
SKU0196,2025-12-07,37,39.85746849583749
SKU0197,2025-12-07,133,130.53294165209624
SKU0198,2025-12-07,35,25.625910214013075
SKU0199,2025-12-07,213,234.6390138580347
SKU0200,2025-12-07,204,237.31049173671894
SKU0001,2025-12-14,225,233.5974227034842
SKU0002,2025-12-14,528,502.14320096243614
SKU0003,2025-12-14,134,134.8058929956203
SKU0004,2025-12-14,109,83.3614619891082
SKU0005,2025-12-14,49,44.22806802051081
SKU0006,2025-12-14,202,196.56912413753287
SKU0007,2025-12-14,162,155.47959923573273
SKU0008,2025-12-14,168,180.2791138404865
SKU0009,2025-12-14,145,144.1882592322021
SKU0010,2025-12-14,209,219.70939539122887
SKU0011,2025-12-14,43,42.77002840343988
SKU0012,2025-12-14,35,26.869095458888
SKU0013,2025-12-14,233,212.41362334547276
SKU0014,2025-12-14,26,26.816947867763766
SKU0015,2025-12-14,200,183.69805471860258
SKU0016,2025-12-14,159,144.13038900589947
SKU0017,2025-12-14,80,82.35332869796395
SKU0018,2025-12-14,458,508.56551941481723
SKU0019,2025-12-14,225,212.82007130945007
SKU0020,2025-12-14,115,126.70807352884583
SKU0021,2025-12-14,156,164.35658331331015
SKU0022,2025-12-14,394,380.0048212393976
SKU0023,2025-12-14,97,97.23466468944645
SKU0024,2025-12-14,192,171.06706738687132
SKU0025,2025-12-14,53,59.881539045354
SKU0026,2025-12-14,59,57.31829529679613
SKU0027,2025-12-14,157,132.3500439167901
SKU0028,2025-12-14,174,147.182008923699
SKU0029,2025-12-14,66,63.367655112442996
SKU0030,2025-12-14,79,81.06947171041132
SKU0031,2025-12-14,520,532.0543952621454
SKU0032,2025-12-14,100,89.65045395353984
SKU0033,2025-12-14,280,267.80435043113613
SKU0034,2025-12-14,0,0.5565844632665776
SKU0035,2025-12-14,370,363.3361369047618
SKU0036,2025-12-14,0,0.5088392166194438
SKU0037,2025-12-14,118,105.96399942995174
SKU0038,2025-12-14,53,57.35196423704243
SKU0039,2025-12-14,545,525.2201871091871
SKU0040,2025-12-14,215,210.7822333464952
SKU0041,2025-12-14,21,19.235200351356596
SKU0042,2025-12-14,138,139.92191989666978
SKU0043,2025-12-14,1,0.5088392166194438
SKU0044,2025-12-14,70,60.197983060074456
SKU0045,2025-12-14,73,88.13680903590384
SKU0046,2025-12-14,56,51.559844520642216
SKU0047,2025-12-14,138,123.98242040351026
SKU0048,2025-12-14,129,107.59062687943177
SKU0049,2025-12-14,1,0.38457748044468176
SKU0050,2025-12-14,410,378.4101838277718
SKU0051,2025-12-14,9,15.130564615963426
SKU0052,2025-12-14,51,52.275907233509805
SKU0053,2025-12-14,85,90.98956425557499
SKU0054,2025-12-14,1,0.9295622648711303
SKU0055,2025-12-14,276,231.52872598701614
SKU0056,2025-12-14,82,77.88811979117894
SKU0057,2025-12-14,202,214.74747703467582
SKU0058,2025-12-14,186,204.74302962157122
SKU0059,2025-12-14,1,0.533792996982326
SKU0060,2025-12-14,352,352.05633086358085
SKU0061,2025-12-14,20,21.501857491164174
SKU0062,2025-12-14,146,149.02418808352758
SKU0063,2025-12-14,0,0.2050866554030307
SKU0064,2025-12-14,86,89.3477470977935
SKU0065,2025-12-14,140,134.53034605603116
SKU0066,2025-12-14,196,173.82559149007818
SKU0067,2025-12-14,83,74.04572992168184
SKU0068,2025-12-14,13,11.563143808698513
SKU0069,2025-12-14,43,57.532671227201966
SKU0070,2025-12-14,57,60.14365851243852
SKU0071,2025-12-14,323,347.88713567290847
SKU0072,2025-12-14,79,83.11530660390045
SKU0073,2025-12-14,435,367.9128007901213
SKU0074,2025-12-14,196,175.73753125203308
SKU0075,2025-12-14,1,0.5700095281871902
SKU0076,2025-12-14,41,36.648500738854956
SKU0077,2025-12-14,81,72.17784983250067
SKU0078,2025-12-14,144,143.79870603633074
SKU0079,2025-12-14,151,148.23210828271587
SKU0080,2025-12-14,0,0.2961917130769664
SKU0081,2025-12-14,56,50.6389684339734
SKU0082,2025-12-14,133,119.25004575071385
SKU0083,2025-12-14,168,211.68378084108477
SKU0084,2025-12-14,109,97.17858451330031
SKU0085,2025-12-14,0,0.39682355475787373
SKU0086,2025-12-14,13,17.062745616283927
SKU0087,2025-12-14,57,54.38629906970846
SKU0088,2025-12-14,57,46.71364006122265
SKU0089,2025-12-14,235,211.20370712549317
SKU0090,2025-12-14,171,191.3383339182857
SKU0091,2025-12-14,0,0.5778438651389572
SKU0092,2025-12-14,156,169.59909895188682
SKU0093,2025-12-14,268,216.84353173689567
SKU0094,2025-12-14,245,223.7338346823491
SKU0095,2025-12-14,186,206.9152752390696
SKU0096,2025-12-14,115,96.65557880317705
SKU0097,2025-12-14,396,380.4081632307396
SKU0098,2025-12-14,75,68.60436514731565
SKU0099,2025-12-14,585,589.1909633348567
SKU0100,2025-12-14,139,128.72113626539527
SKU0101,2025-12-14,298,247.94145543594576
SKU0102,2025-12-14,54,50.766372078575365
SKU0103,2025-12-14,0,0.1971803037904919
SKU0104,2025-12-14,51,49.455763560744565
SKU0105,2025-12-14,257,264.45152512266645
SKU0106,2025-12-14,1,0.3993890104678811
SKU0107,2025-12-14,0,0.555231779149371
SKU0108,2025-12-14,51,49.36323974490834
SKU0109,2025-12-14,140,113.54039869919376
SKU0110,2025-12-14,25,37.86290373395047
SKU0111,2025-12-14,220,249.60213614643806
SKU0112,2025-12-14,227,231.6011644718266
SKU0113,2025-12-14,137,146.89390028996797
SKU0114,2025-12-14,184,177.31668166994388
SKU0115,2025-12-14,317,311.35328198628577
SKU0116,2025-12-14,56,51.53254647566725
SKU0117,2025-12-14,136,146.71365457896465
SKU0118,2025-12-14,85,93.02852957563329
SKU0119,2025-12-14,205,188.7622030821585
SKU0120,2025-12-14,287,310.8587697191772
SKU0121,2025-12-14,253,263.0818357581555
SKU0122,2025-12-14,91,94.29378274907528
SKU0123,2025-12-14,463,434.20911586689994
SKU0124,2025-12-14,199,198.4752500046896
SKU0125,2025-12-14,152,177.50197745841376
SKU0126,2025-12-14,178,174.967804663252
SKU0127,2025-12-14,202,195.77013576225465
SKU0128,2025-12-14,130,137.2417918077123
SKU0129,2025-12-14,71,68.92363736407243
SKU0130,2025-12-14,175,168.43129526210592
SKU0131,2025-12-14,66,71.91561053393835
SKU0132,2025-12-14,169,174.5826878789603
SKU0133,2025-12-14,181,185.63906424182613
SKU0134,2025-12-14,101,101.99948751715792
SKU0135,2025-12-14,71,78.46730014389696
SKU0136,2025-12-14,164,150.18979317662823
SKU0137,2025-12-14,83,82.50715275779312
SKU0138,2025-12-14,122,121.2618774353195
SKU0139,2025-12-14,307,294.72830921874606
SKU0140,2025-12-14,326,345.94998804525954
SKU0141,2025-12-14,94,91.72426752176561
SKU0142,2025-12-14,96,109.42992076283019
SKU0143,2025-12-14,223,207.4496748938392
SKU0144,2025-12-14,356,336.6249473048996
SKU0145,2025-12-14,71,87.10928299023215
SKU0146,2025-12-14,77,82.31914433028582
SKU0147,2025-12-14,143,130.37661157595483
SKU0148,2025-12-14,304,277.5934192007879
SKU0149,2025-12-14,240,218.20088620400801
SKU0150,2025-12-14,146,148.7370496873521
SKU0151,2025-12-14,495,497.2197098910076
SKU0152,2025-12-14,0,0.8141833377709112
SKU0153,2025-12-14,211,232.84045828252124
SKU0154,2025-12-14,49,42.34748816651771
SKU0155,2025-12-14,161,162.92514751333493
SKU0156,2025-12-14,176,171.5018964014599
SKU0157,2025-12-14,29,24.593868106095666
SKU0158,2025-12-14,108,111.6772077570602
SKU0159,2025-12-14,208,214.7810891808949
SKU0160,2025-12-14,104,110.51839207949477
SKU0161,2025-12-14,266,269.7549676551067
SKU0162,2025-12-14,128,122.9705523619326
SKU0163,2025-12-14,249,199.38249224202195
SKU0164,2025-12-14,0,0.47312236773215127
SKU0165,2025-12-14,179,203.866034002853
SKU0166,2025-12-14,31,31.508500611064946
SKU0167,2025-12-14,249,213.43552773502338
SKU0168,2025-12-14,448,433.122573992131
SKU0169,2025-12-14,463,510.9480534670009
SKU0170,2025-12-14,104,93.03459005306148
SKU0171,2025-12-14,164,175.7365728571514
SKU0172,2025-12-14,127,122.17030728817107
SKU0173,2025-12-14,306,281.2424951648841
SKU0174,2025-12-14,25,21.525855497816057
SKU0175,2025-12-14,387,332.7422506242655
SKU0176,2025-12-14,33,24.3917912547194
SKU0177,2025-12-14,55,57.3743415540645
SKU0178,2025-12-14,283,260.2046481895395
SKU0179,2025-12-14,0,0.37929960074677277
SKU0180,2025-12-14,166,150.24470278432275
SKU0181,2025-12-14,576,571.6947358893528
SKU0182,2025-12-14,587,581.998642592857
SKU0183,2025-12-14,218,242.81198725819027
SKU0184,2025-12-14,15,21.350196495768603
SKU0185,2025-12-14,129,133.76957210943158
SKU0186,2025-12-14,94,95.49892559404307
SKU0187,2025-12-14,165,170.13903201459527
SKU0188,2025-12-14,1,0.7531762051267954
SKU0189,2025-12-14,72,79.44804319210866
SKU0190,2025-12-14,230,200.48151058089417
SKU0191,2025-12-14,0,0.6814858997414661
SKU0192,2025-12-14,25,28.081794775975887
SKU0193,2025-12-14,103,111.84788662157541
SKU0194,2025-12-14,1,0.4954586744677109
SKU0195,2025-12-14,21,23.376655122115526
SKU0196,2025-12-14,30,31.36778593261264
SKU0197,2025-12-14,99,111.69751921827205
SKU0198,2025-12-14,30,24.459837508439914
SKU0199,2025-12-14,204,175.9382781419616
SKU0200,2025-12-14,197,170.8564056627175
SKU0001,2025-12-21,198,224.2007064068165
SKU0002,2025-12-21,435,468.955752914754
SKU0003,2025-12-21,133,127.7558766108437
SKU0004,2025-12-21,83,91.36415693803609
SKU0005,2025-12-21,39,42.588407048769966
SKU0006,2025-12-21,167,193.02886727552865
SKU0007,2025-12-21,158,152.14504684973974
SKU0008,2025-12-21,180,159.84874543866135
SKU0009,2025-12-21,144,138.24453657120188
SKU0010,2025-12-21,197,216.84066531136688
SKU0011,2025-12-21,35,40.09998359709935
SKU0012,2025-12-21,27,27.85879424366466
SKU0013,2025-12-21,193,194.62661573061206
SKU0014,2025-12-21,16,23.078295996156527
SKU0015,2025-12-21,186,179.27805682796887
SKU0016,2025-12-21,117,139.57248342649626
SKU0017,2025-12-21,72,73.69366695344289
SKU0018,2025-12-21,406,430.1460114934747
SKU0019,2025-12-21,169,215.83497350472416
SKU0020,2025-12-21,100,124.13709141112211
SKU0021,2025-12-21,142,149.37502123810697
SKU0022,2025-12-21,346,371.2791369622684
SKU0023,2025-12-21,79,93.43008969036508
SKU0024,2025-12-21,173,166.8347886186624
SKU0025,2025-12-21,54,56.127660596702306
SKU0026,2025-12-21,45,51.29435677795294
SKU0027,2025-12-21,122,136.38212348232184
SKU0028,2025-12-21,148,148.6293522177235
SKU0029,2025-12-21,74,63.9247848480983
SKU0030,2025-12-21,75,74.65041528739343
SKU0031,2025-12-21,479,477.629817977469
SKU0032,2025-12-21,95,96.37757260961826
SKU0033,2025-12-21,278,253.46027241049484
SKU0034,2025-12-21,2,0.7515629754851625
SKU0035,2025-12-21,320,344.95210613652694
SKU0036,2025-12-21,0,0.4312854786792497
SKU0037,2025-12-21,108,106.54979661800014
SKU0038,2025-12-21,56,48.452107608173385
SKU0039,2025-12-21,481,559.9984930646388
SKU0040,2025-12-21,180,192.4278627143724
SKU0041,2025-12-21,19,17.277555308043087
SKU0042,2025-12-21,100,127.91919974423664
SKU0043,2025-12-21,0,0.38457748044468176
SKU0044,2025-12-21,59,54.39392212506031
SKU0045,2025-12-21,66,74.6581587946163
SKU0046,2025-12-21,53,46.384624272808466
SKU0047,2025-12-21,112,114.20748780516357
SKU0048,2025-12-21,95,117.66959482255231
SKU0049,2025-12-21,4,0.3946774593099525
SKU0050,2025-12-21,362,397.2763500071319
SKU0051,2025-12-21,13,11.50882286841355
SKU0052,2025-12-21,46,46.2395219129849
SKU0053,2025-12-21,89,83.96542543306326
SKU0054,2025-12-21,1,0.6745592593134704
SKU0055,2025-12-21,230,247.7330078420741
SKU0056,2025-12-21,84,79.93603736784975
SKU0057,2025-12-21,193,197.148046609326
SKU0058,2025-12-21,172,189.51109011965949
SKU0059,2025-12-21,1,0.4954586744677109
SKU0060,2025-12-21,336,327.85969003172386
SKU0061,2025-12-21,26,17.78386142593149
SKU0062,2025-12-21,144,141.25029338610295
SKU0063,2025-12-21,0,0.34504886806573043
SKU0064,2025-12-21,98,85.33465157852952
SKU0065,2025-12-21,131,134.0238011544189
SKU0066,2025-12-21,192,178.54418536783024
SKU0067,2025-12-21,63,83.16371532911114
SKU0068,2025-12-21,8,11.708376148842293
SKU0069,2025-12-21,36,55.62892063588909
SKU0070,2025-12-21,68,64.68973060357706
SKU0071,2025-12-21,314,324.2858488907036
SKU0072,2025-12-21,90,77.8651771514443
SKU0073,2025-12-21,382,403.34730087393723
SKU0074,2025-12-21,184,180.12962578698708
SKU0075,2025-12-21,0,0.2677161489429554
SKU0076,2025-12-21,35,37.1353547724816
SKU0077,2025-12-21,65,71.03056260182154
SKU0078,2025-12-21,137,138.5671016469611
SKU0079,2025-12-21,155,141.24371746784306
SKU0080,2025-12-21,0,0.31684548699989296
SKU0081,2025-12-21,42,47.65176948210885
SKU0082,2025-12-21,110,120.48664631297726
SKU0083,2025-12-21,178,176.77615021137586
SKU0084,2025-12-21,103,103.87881127625853
SKU0085,2025-12-21,0,0.5082683750536542
SKU0086,2025-12-21,16,12.915927669892572
SKU0087,2025-12-21,66,56.108208985184056
SKU0088,2025-12-21,36,49.07836040531102
SKU0089,2025-12-21,229,209.38295681110947
SKU0090,2025-12-21,175,153.45661130322205
SKU0091,2025-12-21,0,0.6808738803299144
SKU0092,2025-12-21,142,152.801268382198
SKU0093,2025-12-21,173,224.54311181924626
SKU0094,2025-12-21,238,245.14195678564084
SKU0095,2025-12-21,158,172.8270855885388
SKU0096,2025-12-21,80,105.04692106164391
SKU0097,2025-12-21,375,372.83946340308927
SKU0098,2025-12-21,54,70.57839345492545
SKU0099,2025-12-21,478,533.4770103070501
SKU0100,2025-12-21,125,131.70838475155554
SKU0101,2025-12-21,231,258.37723676901584
SKU0102,2025-12-21,48,45.97505755600919
SKU0103,2025-12-21,3,0.30655471482792984
SKU0104,2025-12-21,49,45.13370446944636
SKU0105,2025-12-21,233,262.72308313383377
SKU0106,2025-12-21,0,0.5647857016731747
SKU0107,2025-12-21,1,0.4447317362880097
SKU0108,2025-12-21,42,45.881338319891746
SKU0109,2025-12-21,107,120.68516115746215
SKU0110,2025-12-21,25,36.65005476695428
SKU0111,2025-12-21,197,219.84956735277876
SKU0112,2025-12-21,222,233.1651286636911
SKU0113,2025-12-21,138,138.36105326924482
SKU0114,2025-12-21,179,175.54577903148547
SKU0115,2025-12-21,291,290.3830655834686
SKU0116,2025-12-21,52,48.11198297006369
SKU0117,2025-12-21,130,135.46968129063185
SKU0118,2025-12-21,81,94.19901196784933
SKU0119,2025-12-21,181,187.92604992650948
SKU0120,2025-12-21,278,268.15055794289316
SKU0121,2025-12-21,232,221.59554879094486
SKU0122,2025-12-21,91,90.93055826516779
SKU0123,2025-12-21,402,425.52182591664905
SKU0124,2025-12-21,199,180.83218505057332
SKU0125,2025-12-21,167,152.42310587896856
SKU0126,2025-12-21,160,163.38901510008705
SKU0127,2025-12-21,201,181.20255600053417
SKU0128,2025-12-21,151,121.01833471794026
SKU0129,2025-12-21,66,59.845047450120255
SKU0130,2025-12-21,154,154.18553473746059
SKU0131,2025-12-21,69,70.456760575828
SKU0132,2025-12-21,139,160.33294555861207
SKU0133,2025-12-21,146,166.0417671736515
SKU0134,2025-12-21,105,98.78264766238493
SKU0135,2025-12-21,62,70.42399316746402
SKU0136,2025-12-21,153,150.63377577655876
SKU0137,2025-12-21,78,81.15090801785755
SKU0138,2025-12-21,102,124.52824892590478
SKU0139,2025-12-21,269,296.16645763745765
SKU0140,2025-12-21,306,310.63344363112594
SKU0141,2025-12-21,93,93.64107540939916
SKU0142,2025-12-21,114,99.67238407322228
SKU0143,2025-12-21,221,211.21318225768863
SKU0144,2025-12-21,321,341.25656038790544
SKU0145,2025-12-21,74,79.14089653652648
SKU0146,2025-12-21,79,73.85063661366695
SKU0147,2025-12-21,128,128.48186507845045
SKU0148,2025-12-21,275,272.5519348539697
SKU0149,2025-12-21,208,220.46284010664968
SKU0150,2025-12-21,131,133.66672250405014
SKU0151,2025-12-21,421,475.7972264407591
SKU0152,2025-12-21,1,0.624112996943223
SKU0153,2025-12-21,190,189.17773667589358
SKU0154,2025-12-21,34,38.76456201479007
SKU0155,2025-12-21,148,153.81028849489957
SKU0156,2025-12-21,182,160.47490965602626
SKU0157,2025-12-21,23,24.930449308205922
SKU0158,2025-12-21,119,104.83099837221725
SKU0159,2025-12-21,164,196.73901107282995
SKU0160,2025-12-21,89,98.24326210756043
SKU0161,2025-12-21,253,248.8839940527172
SKU0162,2025-12-21,116,116.07421691941107
SKU0163,2025-12-21,192,214.3632999228248
SKU0164,2025-12-21,0,0.395941714348631
SKU0165,2025-12-21,171,171.72953974216966
SKU0166,2025-12-21,33,32.85101580931489
SKU0167,2025-12-21,220,214.34749352582136
SKU0168,2025-12-21,402,409.7083876292401
SKU0169,2025-12-21,448,441.91360723707015
SKU0170,2025-12-21,65,91.85401304906424
SKU0171,2025-12-21,146,148.03457475210695
SKU0172,2025-12-21,142,120.6735714322367
SKU0173,2025-12-21,260,291.97958825721076
SKU0174,2025-12-21,16,19.97452956490384
SKU0175,2025-12-21,347,351.8485159926632
SKU0176,2025-12-21,30,29.790824406097908
SKU0177,2025-12-21,59,55.72235147539654
SKU0178,2025-12-21,270,263.52731822897107
SKU0179,2025-12-21,0,0.37929960074677277
SKU0180,2025-12-21,160,155.16123715084922
SKU0181,2025-12-21,495,515.4284581123497
SKU0182,2025-12-21,555,580.995500446409
SKU0183,2025-12-21,200,218.51615566894048
SKU0184,2025-12-21,19,20.86972079393406
SKU0185,2025-12-21,144,123.73976654289727
SKU0186,2025-12-21,70,85.6146363667904
SKU0187,2025-12-21,149,156.9460084535667
SKU0188,2025-12-21,0,0.6180510024780622
SKU0189,2025-12-21,65,68.47638797194044
SKU0190,2025-12-21,194,207.46504047667054
SKU0191,2025-12-21,0,0.7984858997414662
SKU0192,2025-12-21,23,27.452201167862732
SKU0193,2025-12-21,93,99.88147229758057
SKU0194,2025-12-21,0,0.42083769994841363
SKU0195,2025-12-21,26,21.928324303373994
SKU0196,2025-12-21,29,31.989505695605192
SKU0197,2025-12-21,123,100.72820809660628
SKU0198,2025-12-21,19,25.8233320282307
SKU0199,2025-12-21,187,179.48292883844795
SKU0200,2025-12-21,145,174.82069228826597
SKU0001,2025-12-28,214,220.27223125311565
SKU0002,2025-12-28,482,452.40428085738944
SKU0003,2025-12-28,133,135.48424906808546
SKU0004,2025-12-28,95,83.2870898264753
SKU0005,2025-12-28,46,39.6446919309994
SKU0006,2025-12-28,176,181.91562796366054
SKU0007,2025-12-28,157,150.9666929327327
SKU0008,2025-12-28,169,171.71274747684774
SKU0009,2025-12-28,154,142.63271565781915
SKU0010,2025-12-28,223,213.46214992386342
SKU0011,2025-12-28,50,38.85682647987567
SKU0012,2025-12-28,25,25.87169671363483
SKU0013,2025-12-28,200,210.56689887983467
SKU0014,2025-12-28,21,21.758990844907938
SKU0015,2025-12-28,180,181.85562860878508
SKU0016,2025-12-28,133,137.0949919433815
SKU0017,2025-12-28,66,71.07811553984817
SKU0018,2025-12-28,409,407.4532296241474
SKU0019,2025-12-28,190,200.79806057055572
SKU0020,2025-12-28,140,135.65003968253964
SKU0021,2025-12-28,135,153.6486878084314
SKU0022,2025-12-28,366,365.1850108468068
SKU0023,2025-12-28,88,94.26713806528133
SKU0024,2025-12-28,170,162.42440944814985
SKU0025,2025-12-28,55,56.56084096933312
SKU0026,2025-12-28,57,52.95175904388884
SKU0027,2025-12-28,127,134.6302012174063
SKU0028,2025-12-28,152,146.27493927744638
SKU0029,2025-12-28,72,71.78907890923499
SKU0030,2025-12-28,71,74.33506560948219
SKU0031,2025-12-28,452,482.6364810168263
SKU0032,2025-12-28,86,96.49901752993554
SKU0033,2025-12-28,230,254.2083566742005
SKU0034,2025-12-28,1,0.5791586716712774
SKU0035,2025-12-28,358,327.2452071222772
SKU0036,2025-12-28,0,0.3897167885617641
SKU0037,2025-12-28,90,113.93954835879249
SKU0038,2025-12-28,49,47.50052633966067
SKU0039,2025-12-28,581,504.16948752486263
SKU0040,2025-12-28,160,176.7074852349189
SKU0041,2025-12-28,17,18.617617564936044
SKU0042,2025-12-28,115,116.86692153256027
SKU0043,2025-12-28,0,0.4297068651505246
SKU0044,2025-12-28,44,54.539238856414784
SKU0045,2025-12-28,84,73.54108484663044
SKU0046,2025-12-28,49,46.98944624317529
SKU0047,2025-12-28,121,108.663567502898
SKU0048,2025-12-28,133,107.44954433094627
SKU0049,2025-12-28,0,2.293368894367181
SKU0050,2025-12-28,387,433.1855919635919
SKU0051,2025-12-28,14,12.752135907586046
SKU0052,2025-12-28,45,49.920867430721636
SKU0053,2025-12-28,81,88.61594087823562
SKU0054,2025-12-28,1,0.5895201740449292
SKU0055,2025-12-28,254,230.93865620525293
SKU0056,2025-12-28,74,82.23824356098874
SKU0057,2025-12-28,213,208.634251997982
SKU0058,2025-12-28,220,190.23261207138432
SKU0059,2025-12-28,0,0.3900896682369072
SKU0060,2025-12-28,323,329.55359926706495
SKU0061,2025-12-28,22,21.03460821922032
SKU0062,2025-12-28,122,140.78932396706006
SKU0063,2025-12-28,0,0.30655471482792984
SKU0064,2025-12-28,81,91.12294930820416
SKU0065,2025-12-28,136,133.17806803472507
SKU0066,2025-12-28,184,178.0876807851004
SKU0067,2025-12-28,91,86.64274152236653
SKU0068,2025-12-28,16,11.318088569163983
SKU0069,2025-12-28,39,50.78910276866927
SKU0070,2025-12-28,52,70.66042215561284
SKU0071,2025-12-28,311,317.51011112403876
SKU0072,2025-12-28,76,79.37768669902879
SKU0073,2025-12-28,400,362.51423845989825
SKU0074,2025-12-28,196,173.48071291914178
SKU0075,2025-12-28,2,0.2050866554030307
SKU0076,2025-12-28,40,37.776129343196246
SKU0077,2025-12-28,80,68.201435433866
SKU0078,2025-12-28,121,135.24765813643356
SKU0079,2025-12-28,144,148.33836924712753
SKU0080,2025-12-28,1,0.525387972057795
SKU0081,2025-12-28,55,49.8224234362803
SKU0082,2025-12-28,140,116.54725112664221
SKU0083,2025-12-28,188,173.2616730562017
SKU0084,2025-12-28,100,102.05731273982981
SKU0085,2025-12-28,0,0.37904242336947797
SKU0086,2025-12-28,11,17.007498542986074
SKU0087,2025-12-28,40,56.23992114652978
SKU0088,2025-12-28,47,39.23287619747425
SKU0089,2025-12-28,195,212.44944062001798
SKU0090,2025-12-28,159,161.62796200860967
SKU0091,2025-12-28,1,0.692581081443557
SKU0092,2025-12-28,162,150.47023186512106
SKU0093,2025-12-28,206,207.748693903319
SKU0094,2025-12-28,224,214.500245085287
SKU0095,2025-12-28,178,163.2095481738557
SKU0096,2025-12-28,87,88.60676307306245
SKU0097,2025-12-28,364,379.6259333644053
SKU0098,2025-12-28,62,71.55242154795619
SKU0099,2025-12-28,523,512.5360135393281
SKU0100,2025-12-28,139,124.92259292117667
SKU0101,2025-12-28,213,246.3160921828381
SKU0102,2025-12-28,47,43.58448024256877
SKU0103,2025-12-28,2,1.900080018017134
SKU0104,2025-12-28,46,47.37466286961532
SKU0105,2025-12-28,257,250.00350102425546
SKU0106,2025-12-28,0,0.2050866554030307
SKU0107,2025-12-28,1,0.4637278862025182
SKU0108,2025-12-28,42,45.99564810864786
SKU0109,2025-12-28,117,112.08363825623195
SKU0110,2025-12-28,38,32.37918907787473
SKU0111,2025-12-28,203,202.59887856693743
SKU0112,2025-12-28,240,247.50235675535274
SKU0113,2025-12-28,127,137.6296033344405
SKU0114,2025-12-28,180,170.4995475683565
SKU0115,2025-12-28,287,305.8145698831179
SKU0116,2025-12-28,60,53.11207677273679
SKU0117,2025-12-28,146,130.40441376934598
SKU0118,2025-12-28,103,86.74851118196258
SKU0119,2025-12-28,189,186.30906501097806
SKU0120,2025-12-28,281,286.9224648284475
SKU0121,2025-12-28,242,225.47168916875214
SKU0122,2025-12-28,90,98.64212979318941
SKU0123,2025-12-28,428,406.1770094161441
SKU0124,2025-12-28,183,192.11274518101646
SKU0125,2025-12-28,184,164.84791614711295
SKU0126,2025-12-28,154,162.05303061351273
SKU0127,2025-12-28,198,183.0072181041936
SKU0128,2025-12-28,107,133.83898036422667
SKU0129,2025-12-28,63,69.44604516554504
SKU0130,2025-12-28,164,164.57935574643102
SKU0131,2025-12-28,58,69.3537521870754
SKU0132,2025-12-28,158,160.79067906521132
SKU0133,2025-12-28,180,151.6671674378248
SKU0134,2025-12-28,94,100.94504397296039
SKU0135,2025-12-28,61,71.48148925293131
SKU0136,2025-12-28,174,149.51332508449104
SKU0137,2025-12-28,84,78.62778059158578
SKU0138,2025-12-28,141,110.44949861433571
SKU0139,2025-12-28,300,283.10671274102197
SKU0140,2025-12-28,316,314.4418122509789
SKU0141,2025-12-28,87,93.75347950305787
SKU0142,2025-12-28,111,115.10147948599293
SKU0143,2025-12-28,212,210.20960137738723
SKU0144,2025-12-28,332,320.0295712896613
SKU0145,2025-12-28,86,80.02084867517466
SKU0146,2025-12-28,89,76.09655329991119
SKU0147,2025-12-28,144,125.47757053980793
SKU0148,2025-12-28,287,290.73177636267775
SKU0149,2025-12-28,223,217.72770256705687
SKU0150,2025-12-28,135,128.95640726483464
SKU0151,2025-12-28,478,456.8338493498863
SKU0152,2025-12-28,0,0.7329991252434147
SKU0153,2025-12-28,216,192.59640542031727
SKU0154,2025-12-28,42,38.012303944475214
SKU0155,2025-12-28,146,156.7054631405083
SKU0156,2025-12-28,173,173.39132678931637
SKU0157,2025-12-28,24,21.23240303540574
SKU0158,2025-12-28,106,109.31384095113364
SKU0159,2025-12-28,198,172.72251042361324
SKU0160,2025-12-28,108,96.29553430724408
SKU0161,2025-12-28,212,246.72131923113125
SKU0162,2025-12-28,130,107.03314337135727
SKU0163,2025-12-28,212,191.20724082109166
SKU0164,2025-12-28,0,0.5717081809554457
SKU0165,2025-12-28,178,172.5069426359266
SKU0166,2025-12-28,31,31.843158531547736
SKU0167,2025-12-28,227,222.34166709756005
SKU0168,2025-12-28,418,405.98101507297906
SKU0169,2025-12-28,475,479.6208781798422
SKU0170,2025-12-28,77,78.44248010852449
SKU0171,2025-12-28,141,145.8733778710965
SKU0172,2025-12-28,123,123.5071192677955
SKU0173,2025-12-28,264,276.65397624405574
SKU0174,2025-12-28,9,17.22771039711514
SKU0175,2025-12-28,342,345.817114358377
SKU0176,2025-12-28,33,26.719827396289528
SKU0177,2025-12-28,70,55.25051424577928
SKU0178,2025-12-28,257,265.8987689508251
SKU0179,2025-12-28,0,0.37929960074677277
SKU0180,2025-12-28,156,154.72752097735994
SKU0181,2025-12-28,565,517.5236343906988
SKU0182,2025-12-28,536,557.7768229051416
SKU0183,2025-12-28,206,210.62326827307933
SKU0184,2025-12-28,14,19.81419941416197
SKU0185,2025-12-28,123,133.25342252665138
SKU0186,2025-12-28,88,78.9784036695859
SKU0187,2025-12-28,155,151.59618563608356
SKU0188,2025-12-28,0,0.6160962419740263
SKU0189,2025-12-28,49,70.77168501088232
SKU0190,2025-12-28,208,192.69854699934638
SKU0191,2025-12-28,0,0.7984858997414662
SKU0192,2025-12-28,32,29.228446711998995
SKU0193,2025-12-28,103,99.48147823505751
SKU0194,2025-12-28,0,0.4505216591221605
SKU0195,2025-12-28,20,22.27450593005142
SKU0196,2025-12-28,35,32.78331577748344
SKU0197,2025-12-28,117,112.7010836309156
SKU0198,2025-12-28,26,23.316451560202736
SKU0199,2025-12-28,187,180.3545235283963
SKU0200,2025-12-28,170,162.74144924650074
SKU0001,2026-01-04,90,223.20754873293757
SKU0002,2026-01-04,205,489.47113631532267
SKU0003,2026-01-04,50,144.16936018523825
SKU0004,2026-01-04,33,90.11583671957901
SKU0005,2026-01-04,11,43.09464772675822
SKU0006,2026-01-04,71,177.84416871591765
SKU0007,2026-01-04,49,166.30658459277856
SKU0008,2026-01-04,78,177.85585548736145
SKU0009,2026-01-04,47,153.1457544941016
SKU0010,2026-01-04,95,220.23091285974067
SKU0011,2026-01-04,18,45.204715854728235
SKU0012,2026-01-04,7,30.237497000284392
SKU0013,2026-01-04,80,210.24441535132325
SKU0014,2026-01-04,10,28.830330221282026
SKU0015,2026-01-04,74,181.4320699711041
SKU0016,2026-01-04,62,141.89438065078593
SKU0017,2026-01-04,30,72.7578418098408
SKU0018,2026-01-04,169,411.65743628940146
SKU0019,2026-01-04,72,209.96098498948166
SKU0020,2026-01-04,59,130.92289780220307
SKU0021,2026-01-04,72,166.30975919122858
SKU0022,2026-01-04,136,386.43248185019036
SKU0023,2026-01-04,31,95.72100666372647
SKU0024,2026-01-04,60,170.96361179112256
SKU0025,2026-01-04,17,58.870903848193514
SKU0026,2026-01-04,23,60.50299564944115
SKU0027,2026-01-04,57,137.19300103660996
SKU0028,2026-01-04,62,156.1673072945372
SKU0029,2026-01-04,38,69.94252435404458
SKU0030,2026-01-04,31,77.85742909111003
SKU0031,2026-01-04,210,508.7447559297568
SKU0032,2026-01-04,30,96.4886025965943
SKU0033,2026-01-04,133,245.6747453675172
SKU0034,2026-01-04,0,0.4396694790993566
SKU0035,2026-01-04,142,363.8300304341881
SKU0036,2026-01-04,0,0.2157111800498057
SKU0037,2026-01-04,44,124.9078353119594
SKU0038,2026-01-04,22,52.689429464986546
SKU0039,2026-01-04,226,557.2411262546397
SKU0040,2026-01-04,71,179.48354508878492
SKU0041,2026-01-04,10,21.12980319536383
SKU0042,2026-01-04,50,120.09266956103833
SKU0043,2026-01-04,0,0.339459346370765
SKU0044,2026-01-04,22,56.723111949832
SKU0045,2026-01-04,35,79.71665894442947
SKU0046,2026-01-04,17,51.09276354153193
SKU0047,2026-01-04,43,117.74295093761917
SKU0048,2026-01-04,44,129.96605424175638
SKU0049,2026-01-04,0,0.9894482675560564
SKU0050,2026-01-04,168,411.73224814840637
SKU0051,2026-01-04,7,15.148437756183718
SKU0052,2026-01-04,25,54.47886294580528
SKU0053,2026-01-04,29,92.87804973372923
SKU0054,2026-01-04,0,0.440714476410065
SKU0055,2026-01-04,90,248.55409540893183
SKU0056,2026-01-04,33,90.03371849466674
SKU0057,2026-01-04,104,211.09687536951787
SKU0058,2026-01-04,77,210.81693628456551
SKU0059,2026-01-04,0,0.3644591321226748
SKU0060,2026-01-04,156,366.97690358267954
SKU0061,2026-01-04,10,21.84413421145625
SKU0062,2026-01-04,54,144.13550009500662
SKU0063,2026-01-04,0,0.2157111800498057
SKU0064,2026-01-04,35,96.8759612839784
SKU0065,2026-01-04,53,139.35299440384333
SKU0066,2026-01-04,89,188.66626296757477
SKU0067,2026-01-04,38,80.57678618683461
SKU0068,2026-01-04,2,16.320004286104037
SKU0069,2026-01-04,24,54.788527633083085
SKU0070,2026-01-04,22,66.76326381440543
SKU0071,2026-01-04,136,333.67542383769484
SKU0072,2026-01-04,35,91.65632726831454
SKU0073,2026-01-04,149,407.8523149374429
SKU0074,2026-01-04,73,192.16627341331275
SKU0075,2026-01-04,2,0.4017904061599159
SKU0076,2026-01-04,13,42.01542166242243
SKU0077,2026-01-04,23,75.7278615007241
SKU0078,2026-01-04,60,141.41607433578884
SKU0079,2026-01-04,56,158.08332237668884
SKU0080,2026-01-04,0,0.24932488202747127
SKU0081,2026-01-04,23,50.26418930586458
SKU0082,2026-01-04,53,124.4328755741295
SKU0083,2026-01-04,85,192.15212417170028
SKU0084,2026-01-04,43,109.26404087014214
SKU0085,2026-01-04,1,0.20706760176529163
SKU0086,2026-01-04,4,15.111252596712086
SKU0087,2026-01-04,24,54.349895929389795
SKU0088,2026-01-04,15,45.48870683216302
SKU0089,2026-01-04,84,216.84935367133974
SKU0090,2026-01-04,90,174.865406295346
SKU0091,2026-01-04,0,0.5959742681182832
SKU0092,2026-01-04,68,164.20779960289053
SKU0093,2026-01-04,92,214.92652825410303
SKU0094,2026-01-04,91,236.75858759648753
SKU0095,2026-01-04,69,177.10718819534776
SKU0096,2026-01-04,42,101.4677664239054
SKU0097,2026-01-04,176,396.5314844004388
SKU0098,2026-01-04,26,70.70913147054286
SKU0099,2026-01-04,236,553.9752685786435
SKU0100,2026-01-04,52,137.1543560417461
SKU0101,2026-01-04,94,250.34276330573655
SKU0102,2026-01-04,5,49.89560962029025
SKU0103,2026-01-04,0,0.528637141617762
SKU0104,2026-01-04,27,52.02378571820546
SKU0105,2026-01-04,106,265.18687277312483
SKU0106,2026-01-04,0,0.3022908184228674
SKU0107,2026-01-04,1,0.4813593641630767
SKU0108,2026-01-04,19,52.57227044635774
SKU0109,2026-01-04,47,121.6358354753389
SKU0110,2026-01-04,14,37.32623882081983
SKU0111,2026-01-04,97,218.72465060172183
SKU0112,2026-01-04,102,241.35497261451331
SKU0113,2026-01-04,64,146.27089329584823
SKU0114,2026-01-04,74,190.45927825819032
SKU0115,2026-01-04,119,298.737134489578
SKU0116,2026-01-04,13,58.733770612240804
SKU0117,2026-01-04,62,140.47819412372635
SKU0118,2026-01-04,31,96.37608009591955
SKU0119,2026-01-04,82,197.54382620783687
SKU0120,2026-01-04,127,301.803652250572
SKU0121,2026-01-04,107,247.8797042320262
SKU0122,2026-01-04,30,96.1141321961964
SKU0123,2026-01-04,177,454.96732329737847
SKU0124,2026-01-04,88,202.6502170648572
SKU0125,2026-01-04,69,175.4011553957772
SKU0126,2026-01-04,65,170.90305354276336
SKU0127,2026-01-04,86,206.02347655407306
SKU0128,2026-01-04,64,129.92662989228612
SKU0129,2026-01-04,34,63.083320439554875
SKU0130,2026-01-04,71,170.73897082632095
SKU0131,2026-01-04,19,72.92396969924552
SKU0132,2026-01-04,81,170.5855996012671
SKU0133,2026-01-04,77,167.84935492440474
SKU0134,2026-01-04,40,107.03591321498372
SKU0135,2026-01-04,29,68.76428483453084
SKU0136,2026-01-04,61,168.85121937620121
SKU0137,2026-01-04,34,84.06608368664918
SKU0138,2026-01-04,44,124.77369572896124
SKU0139,2026-01-04,140,302.2291055416409
SKU0140,2026-01-04,120,328.5673287387802
SKU0141,2026-01-04,38,95.48854618813479
SKU0142,2026-01-04,50,120.63406073889394
SKU0143,2026-01-04,90,219.18643980999136
SKU0144,2026-01-04,150,336.91467959160406
SKU0145,2026-01-04,27,86.73185200012713
SKU0146,2026-01-04,23,88.77073925615859
SKU0147,2026-01-04,60,130.94579830480347
SKU0148,2026-01-04,101,274.46558424511977
SKU0149,2026-01-04,87,220.02829336013204
SKU0150,2026-01-04,45,139.78043191644426
SKU0151,2026-01-04,201,472.9217062424273
SKU0152,2026-01-04,0,0.4205454670953656
SKU0153,2026-01-04,83,212.69160044742955
SKU0154,2026-01-04,16,39.47122167238315
SKU0155,2026-01-04,63,161.64747328545806
SKU0156,2026-01-04,68,176.48947234648793
SKU0157,2026-01-04,14,26.325182685637788
SKU0158,2026-01-04,32,115.18609660647249
SKU0159,2026-01-04,87,197.37548832175153
SKU0160,2026-01-04,37,101.01436392435116
SKU0161,2026-01-04,91,242.15805581187612
SKU0162,2026-01-04,51,119.9768135673289
SKU0163,2026-01-04,111,203.83235144269992
SKU0164,2026-01-04,0,0.45381225646395246
SKU0165,2026-01-04,87,177.1835492592565
SKU0166,2026-01-04,10,35.180162673687825
SKU0167,2026-01-04,103,226.09254518975814
SKU0168,2026-01-04,173,447.26484212233845
SKU0169,2026-01-04,169,471.6744487902932
SKU0170,2026-01-04,37,91.15259127943747
SKU0171,2026-01-04,73,157.52716136165637
SKU0172,2026-01-04,60,134.65051967827242
SKU0173,2026-01-04,139,285.300613628395
SKU0174,2026-01-04,7,17.52185306353164
SKU0175,2026-01-04,145,353.9974903094957
SKU0176,2026-01-04,17,28.49293162684816
SKU0177,2026-01-04,22,65.74736447301508
SKU0178,2026-01-04,130,282.47260380692563
SKU0179,2026-01-04,0,0.18038578924978274
SKU0180,2026-01-04,69,171.70655060345425
SKU0181,2026-01-04,197,550.5058346601911
SKU0182,2026-01-04,199,555.0997723143926
SKU0183,2026-01-04,64,215.8634238858918
SKU0184,2026-01-04,5,20.354202456173795
SKU0185,2026-01-04,55,138.45505802189328
SKU0186,2026-01-04,41,93.40701271401538
SKU0187,2026-01-04,71,167.4913559795704
SKU0188,2026-01-04,0,0.47466509568842064
SKU0189,2026-01-04,28,65.34873077730475
SKU0190,2026-01-04,75,214.36989397335364
SKU0191,2026-01-04,0,3.142055802753719
SKU0192,2026-01-04,12,28.824608460871374
SKU0193,2026-01-04,41,100.20470311411121
SKU0194,2026-01-04,0,0.7237994100614565
SKU0195,2026-01-04,7,22.26782418580897
SKU0196,2026-01-04,16,31.523751718605375
SKU0197,2026-01-04,48,126.44144909810129
SKU0198,2026-01-04,1,23.131151744315677
SKU0199,2026-01-04,58,192.46640660824266
SKU0200,2026-01-04,89,171.62756342095187
